a_mm;b_mm;c_mm;t_mm;n1;n2;Q_total;h_eq;T3;T2;T1
66.99;334.94;334.94;1.417;0.4;0.4;0.8591788628111794;2.851814993927058e-09;299.95313088901366;299.95309981613235;20.00002544488957
70.4;352.0;352.0;1.489;0.6;0.6;0.8496788533410841;2.8553444225391517e-09;299.9525114567053;299.9524800156906;20.000026753362906
75.55;377.74;377.74;1.598;0.8;0.8;0.8800847112677732;2.856237785874265e-09;299.9518418289105;299.95180999245855;20.00002870205357
79.42;238.27;397.12;1.532;0.4;0.4;0.7868482127384806;2.868702914655527e-09;299.95335427056256;299.9533233289501;20.000027712898405
79.42;397.12;238.27;1.532;0.4;0.4;0.7872621612231174;2.868655179669722e-09;299.9533571707128;299.9533262308515;20.00002771259904
82.45;412.26;412.26;1.744;1.0;1.0;0.9439551941679218;2.855147822144507e-09;299.9511780691717;299.9511458428596;20.0000312927622
83.47;250.41;417.34;1.61;0.6;0.6;0.7729737559968183;2.872834780244221e-09;299.9527718674459;299.95274057965554;20.000029147948986
83.47;417.34;250.41;1.61;0.6;0.6;0.7730671547045098;2.8728234875464306e-09;299.95277268385604;299.95274139655584;20.00002914788332
86.27;431.33;258.8;1.664;0.7;0.7;0.7800332469440323;2.8735886533372794e-09;299.95245537802134;299.9524239030952;20.000030124060117
86.67;433.36;260.02;1.672;0.7;0.75;0.7808017234703043;2.873721142144894e-09;299.952389696637;299.95235818283834;20.000030267544954
87.07;435.36;261.21;1.68;0.7;0.8;0.781668303336835;2.8738367910469386e-09;299.95232433574046;299.9522927832744;20.00003041082757
87.42;437.11;262.27;1.687;0.75;0.7;0.7852977206123324;2.8735985899419532e-09;299.9523597057976;299.9523281745213;20.000030538664262
87.47;437.33;262.4;1.687;0.7;0.85;0.7826796449292548;2.8739307542406544e-09;299.95225916373386;299.9522275727285;20.000030535550767
87.85;439.27;263.56;1.695;0.7;0.9;0.7837251626973261;2.874015246582434e-09;299.95219457932046;299.9521629501371;20.000030678461126
87.86;439.28;263.57;1.695;0.75;0.75;0.7864605404553636;2.8736954873266243e-09;299.9522936143643;299.95226204400365;20.00003068162398
88.24;441.18;264.71;1.702;0.7;0.95;0.7848945371711273;2.8740808847726194e-09;299.95213048675384;299.95209881969976;20.000030802866
88.28;441.41;264.85;1.703;0.75;0.8;0.7876889582020095;2.873777954355393e-09;299.952227877482;299.95219626826065;20.000030824402543
88.61;443.07;265.84;1.71;0.7;1.0;0.7861330457992141;2.8741347601457827e-09;299.9520670841127;299.9520353796104;20.0000309454316
88.66;443.28;265.97;1.71;0.8;0.7;0.7915724925887673;2.87352444402191e-09;299.9522633450551;299.952231757086;20.000030952080145
88.7;443.52;266.11;1.711;0.75;0.85;0.7890385772281026;2.873842928593023e-09;299.9521624577073;299.9521308098286;20.000030966962985
89.12;445.59;267.35;1.719;0.8;0.75;0.7930814621569827;2.873591435428598e-09;299.9521969986024;299.9521653714266;20.000031112862025
89.12;445.6;267.36;1.719;0.75;0.9;0.7905056523785382;2.8738898591708272e-09;299.9520974349843;299.9520657486987;20.000031109302668
89.53;447.65;268.59;1.727;0.75;0.95;0.7920417526549894;2.8739241046305815e-09;299.9520330330546;299.95200130874366;20.000031251494065
89.57;268.72;447.86;1.728;0.8;0.8;0.7946803496343638;2.8736420144274115e-09;299.9521306850759;299.9520990187264;20.000031273406808
89.57;447.86;268.72;1.728;0.8;0.8;0.7947026776426237;2.8736394490500995e-09;299.95213090265804;299.95209923643847;20.000031273393493
89.93;449.67;269.8;1.735;0.75;1.0;0.7936462790517891;2.8739458937325273e-09;299.95196936830735;299.9519376064214;20.000031393546777
89.97;449.84;269.91;1.736;0.85;0.7;0.7988445109517064;2.8733699477540875e-09;299.9521665201515;299.9521348752761;20.00003141919687
90.02;450.11;270.07;1.737;0.8;0.85;0.7964464782731555;2.8736702571911597e-09;299.952065143184;299.9520334381352;20.00003143369804
90.46;452.29;271.38;1.745;0.85;0.75;0.8007265215220347;2.8734050419293274e-09;299.9520999192583;299.952068235054;20.000031579455737
90.47;452.33;271.4;1.745;0.8;0.9;0.7982795790376462;2.8736864998047113e-09;299.95199989393916;299.95196815037764;20.000031575531718
90.9;454.51;272.71;1.754;0.8;0.95;0.8001552624143402;2.8736920069607923e-09;299.9519353169276;299.95190353526397;20.000031735517297
90.94;454.71;272.83;1.755;0.85;0.8;0.8027209527696773;2.8734228493857806e-09;299.95203361096156;299.9520018876162;20.000031757765193
91.33;456.67;274.0;1.762;0.8;1.0;0.8021312172264053;2.873683384756087e-09;299.9518714418174;299.95183962248166;20.000031877054916
91.36;456.8;274.08;1.763;0.9;0.7;0.8071033815238305;2.873140385969973e-09;299.9520695502003;299.95203784839094;20.000031903440217
91.42;457.1;274.26;1.764;0.85;0.85;0.8048175785650298;2.8734249102303912e-09;299.95196770760947;299.951935945377;20.00003191757233
91.88;459.4;275.64;1.773;0.9;0.75;0.8093688485285334;2.873144706091356e-09;299.95200274292716;299.9519710016946;20.000032081455824
91.89;459.45;275.67;1.773;0.85;0.9;0.8069766223873185;2.8734144618169633e-09;299.95190236680475;299.95187056603123;20.000032077213078
92.36;461.78;277.07;1.782;0.85;0.95;0.8092687161441604;2.873386800875114e-09;299.95183752949146;299.9518056904899;20.000032236628286
92.39;461.96;277.18;1.782;0.9;0.8;0.811720827256174;2.873133827571007e-09;299.95193630410967;299.9519045236853;20.00003224096825
92.82;464.08;278.45;1.791;0.85;1.0;0.8116347249359498;2.8733470725970615e-09;299.951773447717;299.9517415709477;20.000032395893246
92.83;464.16;278.5;1.791;0.95;0.7;0.816386180036645;2.8728352569074978e-09;299.95197254702816;299.9519407883203;20.000032404754265
92.9;464.49;278.69;1.792;0.9;0.85;0.8141652489297484;2.873108778912325e-09;299.9518703366308;299.95183851730746;20.000032418563716
93.38;466.9;280.14;1.802;0.95;0.75;0.8189840633747598;2.8728140925469896e-09;299.95190575066533;299.9518739525662;20.0000326005728
93.4;466.99;280.19;1.802;0.9;0.9;0.8167144369222588;2.873068532995443e-09;299.95180482088244;299.9517729629411;20.000032595940425
93.89;469.46;281.67;1.811;0.9;0.95;0.8193354720717115;2.8730167132986293e-09;299.9517399567431;299.95170806058223;20.000032754882504
93.92;469.61;281.77;1.812;0.95;0.8;0.8217104275306563;2.8727751747194474e-09;299.95183921203756;299.95180737471355;20.000032777840392
94.17;282.5;282.5;1.67;0.4;0.4;0.7080484954177918;2.8563423708826543e-09;299.95373184922863;299.9537011303763;20.00003013494421
94.38;471.9;283.14;1.821;0.9;1.0;0.8220816519895826;2.8729482961197793e-09;299.9516757547703;299.9516438207958;20.0000329318773
94.38;471.92;283.15;1.821;1.0;0.7;0.826642861265007;2.8724634419946967e-09;299.9518759248171;299.9518441094867;20.000032941494013
94.46;472.29;283.37;1.822;0.95;0.85;0.8245257588052407;2.872723012991251e-09;299.95177316465004;299.95174128840523;20.0000329549108
94.96;474.82;284.89;1.832;1.0;0.75;0.8296354114711293;2.8724139480966136e-09;299.9518090101184;299.9517771553523;20.000033136760912
94.99;474.93;284.96;1.833;0.95;0.9;0.8274382892138411;2.8726559838414232e-09;299.9517076041442;299.95167568927945;20.000033150032486
95.51;477.55;286.53;1.843;0.95;0.95;0.8304417546597455;2.872577128486846e-09;299.9516426635575;299.95161071045266;20.000033326705402
95.54;477.68;286.61;1.843;1.0;0.8;0.8327446043347002;2.8723476163425217e-09;299.9517424506153;299.9517105566371;20.000033331765554
96.03;480.13;288.08;1.853;0.95;1.0;0.8335279479006371;2.8724855102709673e-09;299.9515785152553;299.9515465243916;20.000033503205568
96.1;480.5;288.3;1.854;1.0;0.85;0.8358907839680801;2.872272546840347e-09;299.95167645172097;299.95164451887354;20.000033526616747
96.66;483.3;289.98;1.865;1.0;0.9;0.8391825269400753;2.872180711884861e-09;299.95161086961235;299.95157889815613;20.000033721206822
97.21;486.06;291.64;1.875;1.0;0.95;0.8425364702894281;2.8720783899397175e-09;299.95154598256397;299.9515139729217;20.000033897370077
97.76;293.27;488.79;1.886;1.0;1.0;0.8459690074242966;2.8719654135947797e-09;299.95148186147065;299.95144981410755;20.000034091635275
97.76;488.79;293.27;1.886;1.0;1.0;0.8459746968054709;2.871964834458207e-09;299.95148191757403;299.95144987024423;20.00003409163277
98.96;296.89;296.89;1.755;0.6;0.6;0.6908949096124712;2.8615419585927855e-09;299.9531730374672;299.9531419855176;20.00003170862177
102.22;102.22;919.94;1.432;0.6;1.0;0.8884452371165084;2.89741503165954e-09;299.95398517953384;299.9539546292945;20.000026183800976
103.59;103.59;932.33;1.451;0.65;1.0;0.8973865728384667;2.8966260598737486e-09;299.95388368903906;299.95385307880343;20.000026522611105
105.06;105.06;945.57;1.471;0.7;1.0;0.9073016382208239;2.8957681517448834e-09;299.9537796812113;299.95374900951526;20.000026878759492
106.2;318.6;318.6;1.884;0.8;0.8;0.7057965430825024;2.8639224799055455e-09;299.9525366011992;299.95250517234007;20.00003404755548
106.63;106.63;959.65;1.493;0.75;1.0;0.9181809075917516;2.8948483148414384e-09;299.9536733600625;299.95364262556075;20.000027270760036
108.29;108.29;974.6;1.517;0.8;1.0;0.9299578740782739;2.893879949480701e-09;299.9535654410718;299.9535346428442;20.00002769869993
110.04;110.04;990.4;1.541;0.85;1.0;0.9425845017558013;2.8928721521493304e-09;299.95345623482285;299.9534253721315;20.00002812564504
111.15;111.15;778.03;1.533;0.6;1.0;0.8221768451302466;2.8980976151786594e-09;299.95362314456355;299.95359237408206;20.000028040259085
111.9;111.9;1007.09;1.567;0.9;1.0;0.9562699313055254;2.8918130245049286e-09;299.95334496494235;299.9533140365861;20.000028588339497
112.64;112.64;788.51;1.554;0.65;1.0;0.8301333646607232;2.897386354266881e-09;299.9535222632895;299.9534914333014;20.000028415849844
113.85;113.85;1024.66;1.594;0.95;1.0;0.9708158678997809;2.8907250326942877e-09;299.95323282207636;299.95320182756114;20.00002906853368
114.24;114.24;799.71;1.576;0.7;1.0;0.8390264126988695;2.896598971546409e-09;299.953419106934;299.9533882161276;20.00002880863531
114.55;114.55;572.74;1.539;0.4;0.4;0.7797703532836964;2.8897148314555076e-09;299.954106562433;299.95407607387585;20.00002809631475
114.55;572.74;114.55;1.539;0.4;0.4;0.7818178356821259;2.8894358160708577e-09;299.9541071167816;299.9540766286571;20.000028093567753
115.91;115.91;1043.15;1.623;1.0;1.0;0.9864194854154902;2.889597678795449e-09;299.95311912507276;299.9530880634984;20.000029584472184
115.91;347.72;347.72;2.056;1.0;1.0;0.746986128345108;2.8639564508446943e-09;299.95187693301074;299.951845115592;20.000037133615677
115.95;115.95;811.62;1.599;0.75;1.0;0.8488352732077407;2.8957437320394804e-09;299.9533139369683;299.9532829841841;20.00002921864988
117.75;117.75;824.26;1.624;0.8;1.0;0.859433869806178;2.894840885694623e-09;299.95320773785033;299.9531767225118;20.000029664601147
119.66;119.66;837.62;1.651;0.85;1.0;0.8709435252365094;2.893882914728555e-09;299.9530999478032;299.95306886899664;20.000030146288797
120.38;120.38;601.91;1.617;0.6;0.6;0.7631093033969436;2.8938032110082415e-09;299.95359410863597;299.95356331514523;20.000029549927614
120.38;601.91;120.38;1.617;0.6;0.6;0.7636202413228469;2.893730282988368e-09;299.95359445928045;299.9535636660242;20.000029549186102
121.68;121.68;851.74;1.679;0.9;1.0;0.8833829084089245;2.8928756223420295e-09;299.9529908351154;299.9529596920854;20.000030645220946
123.8;123.8;866.6;1.708;0.95;1.0;0.8966475304132081;2.8918337392827377e-09;299.9528810099841;299.95284980233464;20.000031161536572
124.34;124.34;621.7;1.67;0.6;1.0;0.7440671098482967;2.897683427760029e-09;299.9532708996083;299.9532399137343;20.000030551365626
124.42;124.42;622.09;1.671;0.7;0.7;0.7674643064453401;2.894301308642337e-09;299.95331267821655;299.9532817181342;20.000030535838867
125.0;125.0;625.01;1.679;0.7;0.75;0.7656520105899214;2.8947106917093615e-09;299.9532699309222;299.95323894544737;20.000030685404294
125.58;125.58;627.89;1.687;0.7;0.8;0.7640060544516918;2.8950950377729443e-09;299.95322769220036;299.9531966816445;20.00003083474054
126.01;126.01;630.07;1.693;0.65;1.0;0.7507865147386736;2.8971173850188645e-09;299.95316996773937;299.95313892243587;20.00003096410541
126.03;126.03;882.23;1.739;1.0;1.0;0.9108320120372638;2.8907544041991165e-09;299.9527702821929;299.95273900941345;20.000031713592765
126.08;126.08;630.42;1.694;0.75;0.7;0.77364250024889;2.8938806267539953e-09;299.9532118586398;299.95318083911945;20.000030949757754
126.15;126.15;630.73;1.695;0.7;0.85;0.7624560627825716;2.8954629629226125e-09;299.9531862843603;299.9531552492253;20.000030983962183
126.71;126.71;633.53;1.702;0.7;0.9;0.7609923052963127;2.895815563886831e-09;299.9531457384352;299.9531146792408;20.00003111456263
126.71;126.71;633.55;1.702;0.75;0.75;0.7722713932704244;2.8942324837619617e-09;299.95316816093526;299.95313711548846;20.00003109855982
127.26;127.26;636.29;1.709;0.7;0.95;0.7596238952136887;2.8961515254292057e-09;299.9531060291668;299.95307494641787;20.00003124504165
127.33;127.33;636.63;1.71;0.75;0.8;0.7709921226037094;2.894567586356118e-09;299.95312534650884;299.9530942756685;20.000031247241143
127.8;127.8;639.02;1.717;0.7;1.0;0.7583743250431899;2.896468385671352e-09;299.9530671266178;299.9530360208019;20.00003139388908
127.86;127.86;639.32;1.718;0.8;0.7;0.7807242540527204;2.8933740920383117e-09;299.9531091071111;299.95307802705696;20.000031380714063
127.93;127.93;639.67;1.719;0.75;0.85;0.7697547808062978;2.8948927611581348e-09;299.9530836722599;299.9530525767106;20.00003141440743
128.53;128.53;642.65;1.727;0.8;0.75;0.7797163797205264;2.8936785548041846e-09;299.9530648704479;299.9530337641756;20.000031547373705
128.53;128.53;642.66;1.727;0.75;0.9;0.7686515019700284;2.895196058367305e-09;299.95304257192515;299.9530114520156;20.00003156285923
129.12;129.12;645.62;1.735;0.75;0.95;0.7676539303663872;2.8954821885792714e-09;299.9530023152203;299.95297117145947;20.000031711178284
129.19;129.19;645.93;1.735;0.8;0.8;0.7787921854225699;2.8939672743382068e-09;299.9530215698626;299.9529904379359;20.000031695416393
129.19;645.93;129.19;1.735;0.8;0.8;0.7789276066577623;2.8939489607141024e-09;299.953021695533;299.9529905636868;20.000031695219803
129.71;129.71;648.54;1.742;0.75;1.0;0.7668080748990165;2.895744623906409e-09;299.9529626500338;299.95293148278097;20.000031840756204
129.76;129.76;648.79;1.743;0.85;0.7;0.7886943322803207;2.892788758173847e-09;299.9530046912878;299.95297354975946;20.00003182873516
129.83;129.83;649.17;1.744;0.8;0.85;0.7779093524648065;2.894246061929628e-09;299.9529794217894;299.9529482649;20.000031861932364
130.46;130.46;652.32;1.753;0.85;0.75;0.7879776831030386;2.8930557038779693e-09;299.9529603181468;299.9529291503459;20.000032013358307
130.47;130.47;652.37;1.753;0.8;0.9;0.7771778668283678;2.8945018339409593e-09;299.9529378297656;299.9529066482515;20.000032028223085
131.1;131.1;655.52;1.761;0.8;0.95;0.7765220336788136;2.89474282198227e-09;299.95289715538365;299.95286594979655;20.000032175900657
131.16;131.16;655.81;1.762;0.85;0.8;0.7874158330277904;2.893299495282971e-09;299.95291657460723;299.95288538091586;20.00003217925716
131.73;131.73;658.63;1.769;0.8;1.0;0.7760245179465179;2.894959728367823e-09;299.95285706505524;299.9528258357497;20.00003232333712
131.76;131.76;658.82;1.77;0.9;0.7;0.7974130222862686;2.8921451559612656e-09;299.9528994620206;299.9528682585784;20.000032312540927
131.85;131.85;659.25;1.771;0.85;0.85;0.7869358266987962;2.893528024698653e-09;299.9528737350935;299.9528425160554;20.00003234503807
132.51;132.51;662.56;1.78;0.9;0.75;0.7971011079627333;2.892363757851894e-09;299.95285443772156;299.95282320764653;20.00003249643853
132.53;132.53;662.65;1.78;0.85;0.9;0.7865469630641246;2.8937409119795165e-09;299.95283178129813;299.95280053744625;20.000032510693863
133.2;133.2;666.0;1.789;0.85;0.95;0.7862406765291121;2.893938458481476e-09;299.95279072871597;299.9527594605917;20.00003267622777
133.25;133.25;666.26;1.79;0.9;0.8;0.7968903886930725;2.8925656790749464e-09;299.95281034042523;299.95277908427533;20.0000326801976
133.86;133.86;669.32;1.798;0.85;1.0;0.7860455040464815;2.894118569605101e-09;299.95275056443336;299.95271927257124;20.000032841612956
133.89;133.89;669.43;1.799;0.95;0.7;0.8070688549719219;2.8914281888177197e-09;299.95279271711763;299.952761450904;20.000032831817528
133.98;133.98;669.91;1.8;0.9;0.85;0.7967612391345733;2.8927526456054868e-09;299.9527671625656;299.95273588089316;20.00003286383599
134.42;134.42;672.12;1.806;1.0;0.6;0.8170058027118207;2.8903307369082047e-09;299.95278000858696;299.9527487351973;20.000032947225858
134.68;134.68;673.39;1.809;0.95;0.75;0.8071014590204039;2.89160777459284e-09;299.95274742894395;299.9527161359657;20.00003301510104
134.7;134.7;673.51;1.809;0.9;0.9;0.7967049301619212;2.892925722344253e-09;299.95272492578624;299.952693619156;20.000033028875645
135.28;135.28;676.4;1.817;1.0;0.65;0.8171970947388336;2.890505459254994e-09;299.95273214486787;299.9527008431934;20.00003314862703
135.41;135.41;677.07;1.819;0.9;0.95;0.796749575068437;2.893082367334992e-09;299.9526835620689;299.9526522310056;20.000033212261815
135.46;135.46;677.3;1.82;0.95;0.8;0.8072309290336948;2.891770888296099e-09;299.9527030644149;299.9526717452271;20.00003321672398
135.81;135.81;407.44;1.719;0.4;0.4;0.6854946400045092;2.8828762046674778e-09;299.95389392328394;299.95386330091554;20.00003133973033
135.81;407.44;135.81;1.719;0.4;0.4;0.6869767434867436;2.8826484499974536e-09;299.95389284245914;299.95386221953447;20.000031337112617
136.12;136.12;680.59;1.828;0.9;1.0;0.7969456490981714;2.8932168407522063e-09;299.9526428543358;299.95261149923556;20.000033376925703
136.13;136.13;680.63;1.829;1.0;0.7;0.8175306885933314;2.890658437754051e-09;299.9526853241298;299.9526539947981;20.000033368301864
136.23;136.23;681.16;1.83;0.95;0.85;0.8074350908214791;2.891920169326135e-09;299.9526596607365;299.95262831591555;20.000033399751466
136.96;136.96;684.81;1.84;1.0;0.75;0.8179043262914004;2.8908011682095775e-09;299.952639824633;299.9526084684347;20.000033569454025
136.99;136.99;684.97;1.84;0.95;0.9;0.8077193850406954;2.8920551218327764e-09;299.9526171801146;299.95258581021403;20.00003358265736
137.62;137.62;412.85;1.742;0.4;0.6;0.6662821562368276;2.886609554161508e-09;299.9537310686834;299.95370034860366;20.00003179551113
137.75;137.75;688.74;1.85;0.95;0.95;0.808156207846812;2.8921684439452537e-09;299.9525753338877;299.9525439392905;20.0000337653288
137.79;137.79;688.93;1.851;1.0;0.8;0.8184155880672226;2.890922905377081e-09;299.9525950212597;299.95256363861427;20.000033770380156
138.49;138.49;692.47;1.86;0.95;1.0;0.8086358553934628;2.8922721763907026e-09;299.9525346903836;299.9525032718087;20.000033947955377
138.6;138.6;693.01;1.862;1.0;0.85;0.8189611231843608;2.891036152261838e-09;299.9525514314993;299.95252002313254;20.000033971271392
139.28;139.28;417.85;1.763;0.4;0.8;0.6503366082299445;2.8899196355006656e-09;299.953577609885;299.95354679785396;20.000032210810858
139.34;232.24;232.24;1.87;0.4;0.4;0.6161073762108514;2.854282451020582e-09;299.9541984111174;299.9541679680779;20.000033815261823
139.41;139.41;697.04;1.873;1.0;0.9;0.8196454341453754;2.891129253488172e-09;299.9525085017806;299.95247706809;20.00003417193978
140.14;140.14;420.42;1.774;0.6;0.4;0.6791537399418459;2.885448936089862e-09;299.9535652532205;299.95353443541154;20.00003236170904
140.2;140.2;701.02;1.883;1.0;0.95;0.8203484554162322;2.8912151116585887e-09;299.9524668073894;299.95243534911236;20.00003435411513
140.84;140.84;422.51;1.783;0.4;1.0;0.6363216357941525;2.8929847505040313e-09;299.95342946290486;299.953398562189;20.00003260570188
140.99;140.99;704.96;1.894;1.0;1.0;0.8212182299502648;2.8912785495801623e-09;299.9524257473348;299.9523942648538;20.00003455450834
140.99;704.96;140.99;1.894;1.0;1.0;0.8212562395622347;2.891274007939347e-09;299.9524257855026;299.9523943030454;20.00003455445599
142.73;142.73;428.19;1.807;0.6;0.6;0.6667112029409766;2.8883604711554824e-09;299.95338029371794;299.95334936558817;20.000032991919458
142.73;428.19;142.73;1.807;0.6;0.6;0.6670868678565472;2.888298627711652e-09;299.9533801993183;299.9533492711556;20.000032991186682
143.35;143.35;430.05;1.815;0.6;0.65;0.664133669822318;2.888999290860609e-09;299.95333634210317;299.95330538778995;20.00003314406576
143.96;143.96;431.87;1.822;0.6;0.7;0.6616516327625684;2.889619167991762e-09;299.95329310530315;299.95326212524;20.00003327755112
144.35;144.35;433.04;1.827;0.65;0.6;0.6690968416681841;2.8885189744479235e-09;299.9532846674266;299.95325368275667;20.000033356266886
144.56;144.56;433.67;1.83;0.6;0.75;0.6592810359270966;2.890220529789477e-09;299.95325040989707;299.9532194044148;20.00003342940819
145.01;145.01;435.04;1.836;0.65;0.65;0.6668393632569508;2.8891118336551865e-09;299.9532399723476;299.9532089610856;20.00003352631041
145.15;145.15;435.44;1.837;0.6;0.8;0.6569820962174134;2.8908078660685976e-09;299.9532083257115;299.95317729518075;20.000033562646188
145.67;145.67;437.01;1.844;0.65;0.7;0.6647367335448157;2.8896775231046582e-09;299.9531957462992;299.9531647087347;20.000033677572503
145.73;145.73;437.19;1.845;0.6;0.85;0.6547736757117166;2.8913795204553285e-09;299.9531667611705;299.9531357059079;20.000033714289025
146.09;146.09;438.28;1.849;0.7;0.6;0.67225817868049;2.8885841516997052e-09;299.9531869416644;299.95315589927566;20.00003375615091
146.3;146.3;438.9;1.852;0.6;0.9;0.6526155535241284;2.891938647937183e-09;299.95312585015216;299.9530947705522;20.00003384732707
146.32;146.32;438.95;1.852;0.65;0.75;0.6627230240762654;2.890225812426819e-09;299.9531521590253;299.9531210955464;20.00003382869785
146.44;244.06;244.06;1.965;0.6;0.6;0.5946720928684874;2.8609049189147336e-09;299.95369980895157;299.95366906778526;20.000035601408282
146.61;146.61;439.84;1.856;0.8;0.4;0.6879004415035401;2.886289007604317e-09;299.95318404099817;299.95315299766395;20.000033857584363
146.81;146.81;440.43;1.858;0.7;0.65;0.670410809955435;2.8891185876370235e-09;299.95314112942106;299.9531100598123;20.0000339253692
146.87;146.87;440.6;1.859;0.6;0.95;0.6506021812146123;2.8924744781052697e-09;299.953085246159;299.9530541424136;20.00003398012712
146.95;146.95;440.86;1.86;0.65;0.8;0.6607376166210122;2.890765774521654e-09;299.9531094188503;299.95307832996656;20.00003397981209
147.42;147.42;442.26;1.866;0.6;1.0;0.6486062016013661;2.893002207677108e-09;299.9530455455819;299.95301441823307;20.00003411292149
147.51;147.51;442.54;1.867;0.7;0.7;0.6686126783481104;2.8896393216079703e-09;299.9530962982885;299.9530652020504;20.00003409452137
147.58;147.58;442.74;1.868;0.65;0.85;0.6588682683978152;2.8912841700503444e-09;299.9530670586739;299.95303594461967;20.00003413071434
147.97;147.97;443.92;1.873;0.75;0.6;0.6762899237236001;2.888545412803937e-09;299.9530869005566;299.95305579914327;20.000034191353574
148.2;148.2;444.59;1.876;0.65;0.9;0.6570664342031354;2.8917880759299866e-09;299.95302531875126;299.9529941799021;20.000034281508572
148.21;148.21;444.62;1.876;0.7;0.75;0.6669488831724106;2.8901354138962892e-09;299.95305190488085;299.9530207822835;20.000034263426606
148.74;148.74;446.21;1.883;0.75;0.65;0.6747832640241992;2.8890300508249107e-09;299.9530403381762;299.9530092091305;20.000034378368102
148.81;148.81;446.42;1.884;0.65;0.95;0.6553478589854421;2.8922761738057533e-09;299.9529841810444;299.9529530177657;20.000034432175422
148.89;148.89;446.67;1.885;0.7;0.8;0.665311649016553;2.8906227424381573e-09;299.9530083815041;299.9529772330706;20.0000344323133
149.41;149.41;448.22;1.891;0.65;1.0;0.6536988569233639;2.8927489032641825e-09;299.95294372930135;299.95291254200754;20.000034564194948
149.49;149.49;448.47;1.892;0.75;0.7;0.6733318880024808;2.889500889251051e-09;299.9529947661522;299.9529636100707;20.000034546797075
149.56;149.56;448.69;1.893;0.7;0.85;0.6637359720790941;2.8910961473654757e-09;299.95296551756485;299.952934343694;20.000034582577275
149.99;149.99;449.96;1.899;0.8;0.6;0.6811756591696547;2.8884078827892415e-09;299.95298485704933;299.9529536954887;20.00003466187997
150.23;150.23;450.68;1.902;0.7;0.9;0.6622784647720126;2.8915470517673044e-09;299.9529230535672;299.9528918545051;20.00003475113062
150.23;150.23;450.69;1.902;0.75;0.75;0.6719586147686687;2.889953613742487e-09;299.95294989766035;299.95291871496903;20.00003473358693
150.8;150.8;452.4;1.909;0.8;0.65;0.6799572915712812;2.888851617218093e-09;299.9529378645012;299.9529066750843;20.000034848286987
150.88;150.88;452.65;1.91;0.7;0.95;0.6608512185735841;2.8919896387897216e-09;299.95288145887605;299.9528502351451;20.000034901142424
150.96;150.96;452.88;1.911;0.75;0.8;0.6706515080373936;2.8903913533986754e-09;299.95290572041404;299.95287451153087;20.000034901744822
151.53;151.53;454.58;1.918;0.7;1.0;0.6595308311070828;2.892409631657465e-09;299.95284036573594;299.9528091176419;20.000035050923728
151.6;151.6;454.8;1.919;0.8;0.7;0.6788329004504223;2.8892744662840964e-09;299.9528916716639;299.95286045487455;20.000035034509022
151.68;151.68;455.05;1.92;0.75;0.85;0.6694235398034893;2.890813469702607e-09;299.9528621702165;299.9528309355218;20.00003506976901
152.13;152.13;456.4;1.926;0.85;0.6;0.686799901574599;2.8881910255283997e-09;299.952881571376;299.9528503489913;20.000035149448554
152.39;152.39;457.17;1.929;0.8;0.75;0.6777925985997301;2.8896793653260496e-09;299.95284619569173;299.952814951964;20.00003522057288
152.39;152.39;457.18;1.929;0.75;0.9;0.6682472760473646;2.8912213594712386e-09;299.95281932161294;299.9527880615296;20.000035237681928
152.99;152.99;458.98;1.937;0.85;0.65;0.6858979457835559;2.8885890243638873e-09;299.9528340392159;299.9528027886855;20.000035353656912
153.09;153.09;459.28;1.938;0.75;0.95;0.6671389790795282;2.8916137765625848e-09;299.9527771552242;299.9527458701643;20.000035405464516
153.17;153.17;459.5;1.939;0.8;0.8;0.6768096938728078;2.8900690309519965e-09;299.9528014458479;299.9527701756199;20.000035406511472
153.17;459.5;153.17;1.939;0.8;0.8;0.6769106783426688;2.890052929896094e-09;299.95280145824074;299.95277018802574;20.000035406310154
153.78;153.78;461.35;1.947;0.75;1.0;0.6661045104493711;2.891989664532439e-09;299.9527356930635;299.9527043834521;20.000035573103602
153.84;153.84;461.53;1.948;0.85;0.7;0.685102341713015;2.88896555680933e-09;299.9527872952277;299.95275601702906;20.00003555766335
153.94;153.94;461.81;1.949;0.8;0.85;0.6759046357517233;2.890443049854018e-09;299.9527573473383;299.9527260510045;20.000035592310848
154.41;154.41;463.24;1.955;0.9;0.6;0.6932488043669878;2.8878862446659623e-09;299.9527768645776;299.952745580585;20.000035672361527
154.68;154.68;464.05;1.958;0.85;0.75;0.6843837243391194;2.8893250231909598e-09;299.952741313519;299.9527100081127;20.000035743013296
154.69;154.69;464.08;1.958;0.8;0.9;0.6749992187341577;2.8908101635491894e-09;299.9527141998141;299.95268287794386;20.000035759595242
155.18;155.18;465.54;1.964;1.0;0.4;0.710086567368279;2.8856298141400442e-09;299.9527716227606;299.95274033640266;20.000035809307377
155.32;155.32;465.97;1.966;0.9;0.65;0.692658927643927;2.8882410650339384e-09;299.9527288867177;299.952697574345;20.00003587587613
155.44;155.44;466.32;1.968;0.8;0.95;0.6742122178290909;2.891154462920107e-09;299.95267152495757;299.95264017783956;20.00003594514159
155.51;155.51;466.53;1.969;0.85;0.8;0.6837273127692338;2.889668482860854e-09;299.9526960570904;299.9526647249138;20.00003594672452
156.18;156.18;468.54;1.977;0.8;1.0;0.673505618305423;2.89148243159399e-09;299.95262956443923;299.95259819250487;20.000036112026052
156.22;156.22;468.67;1.978;0.9;0.7;0.6921805669412969;2.8885737713668375e-09;299.9526816959173;299.9526503556411;20.000036097668815
156.33;156.33;468.98;1.979;0.85;0.85;0.6831287052681957;2.8899978497142925e-09;299.95265152818314;299.9526201696748;20.00003613180883
156.83;156.83;470.48;1.985;0.95;0.6;0.7005019350173877;2.887500494816539e-09;299.9526710509394;299.9526397047377;20.000036212148974
157.11;157.11;471.33;1.989;0.9;0.75;0.6917651303563047;2.888890199074866e-09;299.95263531909785;299.9526039514084;20.00003630081667
157.13;157.13;471.39;1.989;0.85;0.9;0.6825351643094243;2.8903193730648492e-09;299.952607940086;299.9525765558093;20.00003631687101
157.15;261.91;261.91;2.109;0.8;0.8;0.6002344922270898;2.8649755127531472e-09;299.95310674390265;299.9530756504539;20.000038248004454
157.79;157.79;473.37;1.997;0.95;0.65;0.7002321824518818;2.887813168471176e-09;299.9526226750393;299.9525913002509;20.000036433451868
157.93;157.93;473.78;1.999;0.85;0.95;0.682066429559864;2.890618530372535e-09;299.9525648406748;299.952533430928;20.000036501679148
157.99;157.99;473.96;2.0;0.9;0.8;0.6914185880753358;2.889190929646977e-09;299.9525896758356;299.95255828117536;20.00003650381629
158.71;158.71;476.14;2.009;0.85;1.0;0.6816261346863726;2.8909075851639325e-09;299.9525226793845;299.9524912447297;20.000036686432978
158.74;158.74;476.22;2.01;0.95;0.7;0.7000600313077191;2.888104646404557e-09;299.9525751374517;299.9525437345823;20.000036673033698
158.85;158.85;476.56;2.011;0.9;0.85;0.6910900302228739;2.8894830562889826e-09;299.9525449529769;299.9525135318975;20.00003670677641
159.38;159.38;478.13;2.018;1.0;0.6;0.7085247971434567;2.8870438154606173e-09;299.9525645343865;299.95253312561044;20.00003680587432
159.68;159.68;479.04;2.021;0.95;0.75;0.6999577390748438;2.8883801787191624e-09;299.95252841981784;299.95249698936146;20.000036875478575
159.71;159.71;479.12;2.022;0.9;0.9;0.6908561982048739;2.8897549855127193e-09;299.95250079016085;299.95246934300155;20.000036909509582
160.39;160.39;481.18;2.03;1.0;0.65;0.7085585870546937;2.887317674233441e-09;299.952515878885;299.95248444138406;20.000037026493544
160.55;160.55;481.66;2.032;0.9;0.95;0.6906514314578088;2.89001795955041e-09;299.9524575482781;299.95242607559095;20.0000370936959
160.61;160.61;481.82;2.033;0.95;0.8;0.6999164233336709;2.8886400953565775e-09;299.9524824632748;299.9524510056894;20.000037096263085
161.39;161.39;484.16;2.043;0.9;1.0;0.6905568054906797;2.890258562205993e-09;299.9524148804234;299.9523833825558;20.000037296123335
161.4;161.4;484.19;2.043;1.0;0.7;0.7087352094741091;2.8875647370083912e-09;299.95246788699944;299.95243642117646;20.00003726528307
161.52;161.52;484.56;2.045;0.95;0.85;0.6998798281074244;2.8888921022909443e-09;299.9524374669784;299.95240598283823;20.00003731701398
162.39;162.39;487.16;2.056;1.0;0.75;0.7089341974375173;2.887801183199534e-09;299.95242091160105;299.9523894180647;20.000037504002083
162.43;162.43;487.28;2.056;0.95;0.9;0.6999579140253627;2.8891237690882717e-09;299.9523930123247;299.9523615019587;20.000037519029835
163.32;163.32;489.96;2.067;0.95;0.95;0.7000449186285521;2.889347074396848e-09;299.95234952573173;299.9523179897183;20.0000377210048
163.36;163.36;490.09;2.068;1.0;0.8;0.709137524651535;2.8880296665508748e-09;299.95237493677735;299.95234341612587;20.000037724197565
164.2;164.2;492.61;2.079;0.95;1.0;0.7002111385933726;2.8895536894824007e-09;299.95230678674847;299.95227522553716;20.000037941296817
164.33;164.33;492.99;2.08;1.0;0.85;0.7094484377624121;2.8882379841285172e-09;299.952329528953;299.9522979815296;20.000037944147795
165.21;165.21;275.35;1.876;0.4;0.4;0.6151823016346858;2.8667301527984907e-09;299.95406982526407;299.9540393040715;20.000034066136127
165.21;275.35;165.21;1.876;0.4;0.4;0.61594283291192;2.866612771722688e-09;299.95406783786166;299.9540373155306;20.000034064531334
165.29;165.29;495.86;2.092;1.0;0.9;0.7098216489669312;2.8884321449748844e-09;299.95228487756026;299.95225330381936;20.000038163950233
166.23;166.23;498.69;2.104;1.0;0.95;0.7102041964549175;2.8886180501774965e-09;299.95224119927997;299.9522095998026;20.000038383706368
167.16;167.16;501.49;2.116;1.0;1.0;0.7106607464936148;2.8887883444984662e-09;299.952198299564;299.9521666748173;20.000038603294822
167.16;501.49;167.16;2.116;1.0;1.0;0.7106894322587581;2.888784228572864e-09;299.95219830982774;299.95216668508846;20.000038603239563
171.51;285.85;285.85;2.302;1.0;1.0;0.6274825173861701;2.866645114587603e-09;299.9524712973094;299.95243982847666;20.000041752661012
173.62;173.62;289.37;1.971;0.6;0.6;0.5940679555766053;2.87348706640322e-09;299.9535710184845;299.9535401994852;20.00003586059815
173.62;289.37;173.62;1.971;0.6;0.6;0.5942649927696037;2.8734535067428444e-09;299.9535705850496;299.9535397658053;20.00003586012659
186.32;186.32;310.53;2.116;0.8;0.8;0.5992232195114299;2.8771763673521183e-09;299.95298865797827;299.9529574937363;20.00003853129003
186.32;310.53;186.32;2.116;0.8;0.8;0.5992773093049633;2.8771671336077033e-09;299.95298856443065;299.95295740013637;20.000038531152914
195.87;195.87;195.87;1.927;0.4;0.4;0.5909581495637226;2.84524772370443e-09;299.9544377759756;299.9544074766583;20.000034771952215
198.48;198.48;198.48;1.953;0.4;0.6;0.5739035355012049;2.8485268770774477e-09;299.95428502255163;299.9542546312359;20.00003527738614
200.88;200.88;200.88;1.976;0.4;0.8;0.5578473937624265;2.851762070409185e-09;299.9541428737876;299.95411239685;20.00003572871075
202.12;202.12;202.12;1.988;0.6;0.4;0.5801898339309802;2.849029973646426e-09;299.9541409656781;299.9541104886165;20.000035913557756
203.12;203.12;203.12;1.998;0.4;1.0;0.5420626273050252;2.8550724528372457e-09;299.9540070041439;299.95397644533506;20.000036163788327
203.35;203.35;338.91;2.309;1.0;1.0;0.6256842854921998;2.878104245275893e-09;299.9523697774214;299.95233824838743;20.0000420392047
203.35;338.91;203.35;2.309;1.0;1.0;0.6256999462588039;2.8781017598099948e-09;299.95236975718274;299.9523382281377;20.000042039164917
205.85;205.85;205.85;2.025;0.6;0.6;0.5690776596160915;2.8519808944677898e-09;299.95395833286756;299.95392774632995;20.000036614947994
206.74;206.74;206.74;2.034;0.6;0.65;0.5664189441881619;2.8526975034675663e-09;299.9539151412357;299.95388452881446;20.000036785757274
207.62;207.62;207.62;2.043;0.6;0.7;0.5637702725118399;2.8534134882112964e-09;299.9538725307579;299.9538418928031;20.000036956654263
208.18;208.18;208.18;2.048;0.65;0.6;0.5702058614920477;2.852666011070215e-09;299.9538650099205;299.95383436778184;20.000037037822484
208.49;208.49;208.49;2.051;0.6;0.75;0.5611125468320234;2.8541318000961714e-09;299.9538304782416;299.9537998150883;20.000037109274682
209.14;209.14;209.14;2.058;0.65;0.65;0.5678607956054312;2.853357473226286e-09;299.9538203778741;299.9537897090187;20.00003722658266
209.34;209.34;209.34;2.06;0.6;0.8;0.5583981904465913;2.8548562563395956e-09;299.9537891858012;299.9537584979025;20.000037280494322
210.09;210.09;210.09;2.067;0.65;0.7;0.565515110307688;2.854048629074255e-09;299.9537763794584;299.9537456842677;20.00003739703969
210.18;210.18;210.18;2.068;0.6;0.85;0.5556694537565431;2.8555843825470705e-09;299.9537484050221;299.9537176926846;20.00003743344771
210.7;210.7;210.7;2.073;0.7;0.6;0.5722068755340991;2.85327587922582e-09;299.9537679615292;299.9537372616338;20.000037496041788
211.0;211.0;211.0;2.076;0.6;0.9;0.5528840648175989;2.8563193786824345e-09;299.95370837884417;299.9536776425172;20.00003758660791
211.02;211.02;211.02;2.076;0.65;0.75;0.5631083071597265;2.854745156208116e-09;299.9537332153526;299.9537024943243;20.00003756768831
211.45;211.45;211.45;2.08;0.8;0.4;0.5849795515038339;2.851711719039685e-09;299.953767741209;299.95373704175705;20.00003760340348
211.73;211.73;211.73;2.083;0.7;0.65;0.5701554628961383;2.8539423268788325e-09;299.9537220547944;299.95369132744867;20.000037684356524
211.82;211.82;211.82;2.084;0.6;0.95;0.5501509827920575;2.857051642631809e-09;299.95366857490933;299.95363781472986;20.000037739790024
211.94;211.94;211.94;2.085;0.65;0.8;0.5606874616672601;2.8554438576264905e-09;299.9536905833829;299.95365983683683;20.00003773845563
212.62;212.62;212.62;2.092;0.6;1.0;0.5473769218933795;2.8577887120433542e-09;299.953629537307;299.95359875373146;20.0000378931549
212.75;212.75;212.75;2.093;0.7;0.7;0.5681034419100898;2.854607319482226e-09;299.9536767891595;299.95364603474974;20.000037872748887
212.85;212.85;212.85;2.094;0.65;0.85;0.5582523538433448;2.8561449486995686e-09;299.9536484698678;299.9536176981153;20.000037909344474
213.42;213.42;213.42;2.1;0.75;0.6;0.5751212688652331;2.853804302562988e-09;299.9536673205214;299.95363656079735;20.000037989475363
213.74;213.74;213.74;2.103;0.65;0.9;0.5557561069965686;2.8568523697747857e-09;299.9536071318007;299.95357633530364;20.00003808043802
213.75;213.75;213.75;2.103;0.7;0.75;0.5659855907522179;2.855277277477509e-09;299.95363237926864;299.9536015983057;20.00003806133147
214.52;214.52;214.52;2.11;0.75;0.65;0.5733492390326443;2.854445280598732e-09;299.95362028497766;299.9535894971574;20.00003817733282
214.62;214.62;214.62;2.111;0.65;0.95;0.5532518951535433;2.8575617081314012e-09;299.9535663284624;299.95353550754146;20.00003823323493
214.74;214.74;214.74;2.113;0.7;0.8;0.5638486875899253;2.8559490103095163e-09;299.9535885293934;299.95355772221393;20.00003825003103
215.48;215.48;215.48;2.12;0.65;1.0;0.5507084569109029;2.8582745299998792e-09;299.9535262856033;299.9534954407121;20.000038404613214
215.6;215.6;215.6;2.121;0.75;0.7;0.5715250612764942;2.8550879713450566e-09;299.95357415458767;299.9535433392129;20.00003838373837
215.71;215.71;215.71;2.122;0.7;0.85;0.5616369438971198;2.856627786378247e-09;299.9535455009168;299.95351466801003;20.00003842053926
216.32;216.32;216.32;2.128;0.8;0.6;0.5788291252214789;2.8542589867251654e-09;299.95356403569576;299.95353321463307;20.000038499863937
216.67;216.67;216.67;2.132;0.7;0.9;0.5594159480632944;2.8573073754913824e-09;299.9535029884887;299.95347213016504;20.00003860955861
216.67;216.67;216.67;2.132;0.75;0.75;0.5696825561283861;2.8557310976580535e-09;299.95352863928474;299.9534977967255;20.000038590246795
217.49;217.49;217.49;2.14;0.8;0.65;0.5773341714837187;2.85487278926878e-09;299.95351596881255;299.95348511906707;20.0000387240296
217.61;217.61;217.61;2.141;0.7;0.95;0.5571326479235762;2.8579927504015954e-09;299.9534612864713;299.9534304032135;20.000038780366605
217.72;217.72;217.72;2.142;0.75;0.8;0.5677603307788851;2.8563806831783556e-09;299.9534839810192;299.9534531117865;20.0000387785618
218.54;218.54;218.54;2.15;0.7;1.0;0.5548515335668648;2.8586775640561734e-09;299.9534201303213;299.9533892224574;20.000038951258432
218.64;218.64;218.64;2.151;0.8;0.7;0.5757722342253867;2.8554895678971046e-09;299.95346886588356;299.9534379880315;20.000038929965488
218.76;218.76;218.76;2.152;0.75;0.85;0.5658152255854527;2.857031940615447e-09;299.95343988777705;299.9534089922103;20.000038966990093
219.41;219.41;219.41;2.159;0.85;0.6;0.5833870357321729;2.85463333282048e-09;299.95345818417013;299.9534273003089;20.00003906385093
219.78;219.78;219.78;2.162;0.8;0.75;0.5741871909635172;2.8561065620193894e-09;299.95342240244344;299.95339149686953;20.00003913599803
219.79;219.79;219.79;2.162;0.75;0.9;0.5638513606259289;2.8576844250013435e-09;299.9533963555038;299.95336543394006;20.00003915552631
220.66;220.66;220.66;2.171;0.85;0.65;0.5821979880926953;2.8552173294449646e-09;299.95340901984736;299.95337810667957;20.000039287455255
220.8;220.8;220.8;2.172;0.75;0.95;0.5618261695587422;2.858341505410559e-09;299.95335363077527;299.95332268369594;20.000039344247664
220.91;220.91;220.91;2.173;0.8;0.8;0.5725735959766924;2.856724777371708e-09;299.9533765490967;299.95334561616755;20.000039342139665
221.8;221.8;221.8;2.182;0.75;1.0;0.5597990338873646;2.858997631066161e-09;299.9533114760685;299.9532805038163;20.000039533050213
221.88;221.88;221.88;2.183;0.85;0.7;0.5808907582141557;2.855807508050285e-09;299.9533610637102;299.9533301219554;20.0000395113017
222.01;222.01;222.01;2.184;0.8;0.85;0.5708315385824947;2.8573528050769363e-09;299.95333177166583;299.9533008120205;20.0000395485683
222.7;222.7;222.7;2.191;0.9;0.6;0.5888322889958649;2.8549243958899836e-09;299.95334994580054;299.9533189977901;20.000039644535658
223.09;223.09;223.09;2.195;0.85;0.75;0.579555645276139;2.8563977643732122e-09;299.95331376981056;299.95328279986705;20.00003973524418
223.11;223.11;223.11;2.195;0.8;0.9;0.5691167995669171;2.8579775836939116e-09;299.95328733495205;299.95325634879885;20.00003975501581
223.81;223.81;223.81;2.202;1.0;0.4;0.6041020861176012;2.853152159921738e-09;299.9533446129483;299.95331366242465;20.000039820650734
224.02;224.02;224.02;2.204;0.9;0.65;0.5878905753215278;2.8554822054222144e-09;299.9533000551277;299.95326907740605;20.000039886043368
224.18;224.18;224.18;2.206;0.8;0.95;0.567287539182442;2.8586108541546314e-09;299.9532439558794;299.9532129438464;20.000039961735325
224.28;224.28;224.28;2.207;0.85;0.8;0.5781371126903871;2.8569932348428267e-09;299.95326734415005;299.9532363465358;20.00003995938261
225.25;225.25;225.25;2.216;0.8;1.0;0.5654972113416565;2.8592393831737173e-09;299.95320094940405;299.9531699117187;20.0000401500391
225.31;225.31;225.31;2.217;0.9;0.7;0.5868264593357253;2.8560460670948734e-09;299.95325137839296;299.9532203716829;20.000040127792996
225.46;225.46;225.46;2.218;0.85;0.85;0.5766816616979529;2.8575906699739895e-09;299.95322154709345;299.95319052218576;20.000040165234157
226.18;226.18;226.18;2.225;0.95;0.6;0.5951167982915476;2.8551357356619263e-09;299.95323992742397;299.95320891427303;20.00004026035033
226.59;226.59;226.59;2.229;0.9;0.75;0.5857247491830889;2.8566106682974133e-09;299.9532034023214;299.9531723670438;20.000040351245953
226.62;226.62;226.62;2.23;0.85;0.9;0.5751542502513971;2.8581922971560827e-09;299.9531765671827;299.95314551546915;20.000040389674695
227.57;227.57;227.57;2.239;0.95;0.65;0.5944114765672001;2.8556677578995687e-09;299.9531894408;299.9531583976106;20.000040519753988
227.77;227.77;227.77;2.241;0.85;0.95;0.5736027187498371;2.8587944817017437e-09;299.95313220776785;299.9531011296207;20.000040595806357
227.86;227.86;227.86;2.242;0.9;0.8;0.5845902231984796;2.8571755378982873e-09;299.9531560600824;299.95312499661844;20.000040593197202
228.9;228.9;228.9;2.252;0.85;1.0;0.5719928403133825;2.859399368764543e-09;299.9530886849021;299.95305758082054;20.000040802099115
228.94;228.94;228.94;2.252;0.95;0.7;0.5936249927217979;2.8562024565677347e-09;299.9531399619997;299.95310888937405;20.000040760923767
229.11;229.11;229.11;2.254;0.9;0.85;0.5833639656165384;2.8577463395954626e-09;299.95310959655984;299.9530785054332;20.000040816949408
229.86;229.86;229.86;2.261;1.0;0.6;0.6022933882369905;2.8552639993106446e-09;299.95312826191997;299.95309718271784;20.00004091116945
230.3;230.3;230.3;2.266;0.95;0.75;0.5928054191479946;2.856736483463146e-09;299.9530911718952;299.95306007024743;20.00004102057586
230.34;230.34;230.34;2.266;0.9;0.9;0.5820568133481407;2.8583218827970167e-09;299.9530639793243;299.95303286103956;20.000041040889684
231.33;231.33;231.33;2.276;1.0;0.65;0.6018644086941873;2.8557668521725384e-09;299.9530770850878;299.953045975466;20.000041188375143
231.56;231.56;231.56;2.278;0.9;0.95;0.5807264106622767;2.8588971149520365e-09;299.953018982938;299.9529878378681;20.000041264918
231.63;231.63;231.63;2.279;0.95;0.8;0.5918381899763474;2.8572802429963444e-09;299.9530435159912;299.953012385995;20.000041262117268
232.24;232.24;139.34;1.87;0.4;0.4;0.6150422930166101;2.8544280563546424e-09;299.9542036874362;299.954173247492;20.000033817498554
232.76;232.76;232.76;2.29;0.9;1.0;0.5793340837151216;2.8594748354144625e-09;299.95297483346513;299.95294366211516;20.000041489105836
232.77;232.77;232.77;2.29;1.0;0.7;0.6012986330194164;2.85627638573027e-09;299.9530271489124;299.95299600960914;20.000041447435272
232.95;232.95;232.95;2.292;0.95;0.85;0.5908300794901437;2.8578251035148235e-09;299.95299650636315;299.9529653484063;20.000041503764866
234.2;234.2;234.2;2.304;1.0;0.75;0.6006900449633478;2.856786048601372e-09;299.9529779339015;299.9529467653499;20.00004170658772
234.26;234.26;234.26;2.305;0.95;0.9;0.5897860226846854;2.8583705559299558e-09;299.9529501371653;299.95291895163234;20.000041745512043
235.55;235.55;235.55;2.317;0.95;0.95;0.5886604885268676;2.8589203648894636e-09;299.9529046390198;299.9528734264296;20.000041969035752
235.61;235.61;235.61;2.318;1.0;0.8;0.5999840701934676;2.8573007146819404e-09;299.9529296218085;299.9528984245471;20.00004196593161
236.82;236.82;236.82;2.33;0.95;1.0;0.5874743048645042;2.859471818338184e-09;299.95285997925083;299.952828740104;20.00004221111431
237.01;237.01;237.01;2.332;1.0;0.85;0.5992319680101441;2.857816519259741e-09;299.9528819763673;299.9528507507958;20.00004222538149
238.27;397.12;79.42;1.532;0.4;0.4;0.7841624369287951;2.869014358863056e-09;299.953371799974;299.9533408687144;20.000027717004656
238.38;238.38;238.38;2.345;1.0;0.9;0.598336314550365;2.858341538689982e-09;299.9528354216964;299.95280416846225;20.00004246671203
239.75;239.75;239.75;2.359;1.0;0.95;0.5974627409656671;2.858861546595616e-09;299.9527892969688;299.95275801633363;20.000042726433758
241.09;241.09;241.09;2.372;1.0;1.0;0.5964664412412932;2.8593884595183714e-09;299.952744255636;299.95271294824295;20.00004296800307
244.06;244.06;146.44;1.965;0.6;0.6;0.5943898350272294;2.8609477860382573e-09;299.953701121591;299.9536703811912;20.000035602082686
250.41;417.34;83.47;1.61;0.6;0.6;0.7722488443817515;2.8729226426199228e-09;299.95277615362613;299.95274486835666;20.000029149131503
261.91;261.91;157.15;2.109;0.8;0.8;0.6001587371574718;2.864987179126048e-09;299.95310705476004;299.95307596149195;20.000038248198294
268.72;447.86;89.57;1.728;0.8;0.8;0.7944843676178869;2.873664569128189e-09;299.9521316786919;299.95210001292463;20.000031273727654
282.5;282.5;94.17;1.67;0.4;0.4;0.7054339708770704;2.856651959503261e-09;299.9537437085127;299.9537129966213;20.000030139113296
285.85;285.85;171.51;2.302;1.0;1.0;0.6274621978605298;2.866648062212069e-09;299.9524713673591;299.952439898567;20.00004175271395
293.27;488.79;97.76;1.886;1.0;1.0;0.8459166439966279;2.8719707519453652e-09;299.9514820803078;299.95145003307255;20.00003409171765
296.89;296.89;98.96;1.755;0.6;0.6;0.6902047595953577;2.861629736480867e-09;299.9531758556254;299.95314480532153;20.000031709830075
318.6;318.6;106.2;1.884;0.8;0.8;0.7056124655872802;2.8639453944204654e-09;299.9525372298516;299.9525058013578;20.000034047887436
334.94;334.94;66.99;1.417;0.4;0.4;0.854790795554758;2.8522072150914813e-09;299.95314671340503;299.9531156498008;20.000025449227007
347.72;347.72;115.91;2.056;1.0;1.0;0.7469371809619317;2.863962004745718e-09;299.9518770640314;299.9518452466885;20.000037133702072
352.0;352.0;70.4;1.489;0.6;0.6;0.8485264500131291;2.855451316478164e-09;299.95251497486566;299.9524835359009;20.000026754567326
377.74;377.74;75.55;1.598;0.8;0.8;0.8797795692274354;2.8562646278499466e-09;299.95184254756623;299.95181071153024;20.000028702369985
412.26;412.26;82.45;1.744;1.0;1.0;0.9438748221121505;2.855154097355926e-09;299.95117820243195;299.95114597619647;20.000031292841015
