a_mm,b_mm,c_mm,t_mm,n1,n2,a_ratio,b_ratio,c_ratio,V_outer_mm3,max_vm,PackingEff,Q_total_W,BOR
66.99,334.94,334.94,1.417,0.4,0.4,1,5,5,60449600,14976.01,0.9763419707,0.9666872912,4.571626197
70.4,352,352,1.489,0.6,0.6,1,5,5,60449600,6305.5,0.841180496,0.9463098482,4.475257854
75.55,377.74,377.74,1.598,0.8,0.8,1,5,5,60449600,2405.986816,0.6806534849,0.9688608284,4.581905218
79.42,238.27,397.12,1.532,0.4,0.4,1,3,5,60449600,9446.62,0.9764030187,0.8916279463,4.216657976
79.42,397.12,238.27,1.532,0.4,0.4,1,5,3,60449600,9466.67,0.9764030187,0.8921318931,4.219041225
82.45,412.26,412.26,1.744,1,1,1,5,5,60449600,3021.505,0.5236163838,1.026908375,4.856421791
83.47,250.41,417.34,1.61,0.6,0.6,1,3,5,60449600,4441.3,0.8411602884,0.8676660687,4.103338241
83.47,417.34,250.41,1.61,0.6,0.6,1,5,3,60449600,4438.57,0.8411602884,0.8677805987,4.103879873
86.27,431.33,258.8,1.664,0.7,0.7,1,5,3,60449600,2765.329834,0.7619334342,1.026731601,4.855585798
86.67,433.36,260.02,1.672,0.7,0.75,1,5,3,60449600,2443.843506,0.7513193379,0.8708222922,4.118264551
87.07,435.36,261.21,1.68,0.7,0.8,1,5,3,60449600,2146.950928,0.7410368907,0.8707130807,4.117748072
87.42,437.11,262.27,1.687,0.75,0.7,1,5,3,60449600,2395.355469,0.7321411021,0.8718862741,4.1232963
87.47,437.33,262.4,1.687,0.7,0.85,1,5,3,60449600,1849.955688,0.7310038041,0.8707159092,4.117761448
87.85,439.27,263.56,1.695,0.7,0.9,1,5,3,60449600,1571.25415,0.7214303427,0.870885739,4.118564602
87.86,439.28,263.57,1.695,0.75,0.75,1,5,3,60449600,2138.759766,0.7213062344,0.8751840067,4.13889183
88.24,441.18,264.71,1.702,0.7,0.95,1,5,3,60449600,1321.751099,0.7120313103,0.8710946065,4.119552371
88.28,441.41,264.85,1.703,0.75,0.8,1,5,3,60449600,1890.139893,0.7109595788,0.875498662,4.140379888
88.61,443.07,265.84,1.71,0.7,1,1,5,3,60449600,1436.32666,0.7030226376,0.8714512506,4.121239001
88.66,443.28,265.97,1.71,0.8,0.7,1,5,3,60449600,2047.519165,0.701961005,0.8786404528,4.155237943
88.7,443.52,266.11,1.711,0.75,0.85,1,5,3,60449600,1643.855469,0.7008936883,0.8758889975,4.14222585
89.12,445.59,267.35,1.719,0.8,0.75,1,5,3,60449600,1834.548706,0.6911300857,0.8806324627,4.164658492
89.12,445.6,267.36,1.719,0.75,0.9,1,5,3,60449600,1412.697632,0.6910889507,0.8764153703,4.144715155
89.53,447.65,268.59,1.727,0.75,0.95,1,5,3,60449600,1324.883789,0.6816368445,0.8770741696,4.147830727
89.57,268.72,447.86,1.728,0.8,0.8,1,3,5,60449600,1641.609375,0.6806811055,0.8820873821,4.171539049
89.57,447.86,268.72,1.728,0.8,0.8,1,5,3,60449600,1632.946167,0.6806811055,0.8821147935,4.171668682
89.93,449.67,269.8,1.735,0.75,1,1,5,3,60449600,1364.188843,0.6725238952,0.8778156046,4.151337097
89.97,449.84,269.91,1.736,0.85,0.7,1,5,3,60449600,1719.242432,0.6716940895,0.8864187479,4.192022804
90.02,450.11,270.07,1.737,0.8,0.85,1,5,3,60449600,1441.329956,0.6705207132,0.8821147935,4.171668682
90.46,452.29,271.38,1.745,0.85,0.75,1,5,3,60449600,1553.695313,0.6608428348,0.8871317036,4.195394491
90.47,452.33,271.4,1.745,0.8,0.9,1,5,3,60449600,1332.435913,0.6606645853,0.8830548117,4.176114186
90.9,454.51,272.71,1.754,0.8,0.95,1,5,3,60449600,1309.292969,0.6512349192,0.884103545,4.181073822
90.94,454.71,272.83,1.755,0.85,0.8,1,5,3,60449600,1394.367432,0.6503735095,0.8882085312,4.200486989
91.33,456.67,274,1.762,0.8,1,1,5,3,60449600,1315.418457,0.6420690535,0.8851996306,4.186257394
91.36,456.8,274.08,1.763,0.9,0.7,1,5,3,60449600,1418.27356,0.6414835272,0.8952689065,4.233876687
91.42,457.1,274.26,1.764,0.85,0.85,1,5,3,60449600,1355.968262,0.6402229876,0.8894032102,4.206136826
91.88,459.4,275.64,1.773,0.9,0.75,1,5,3,60449600,1367.32251,0.6306538753,0.8946827228,4.231104526
91.89,459.45,275.67,1.773,0.85,0.9,1,5,3,60449600,1328.211548,0.6304500047,0.8907185423,4.212357252
92.36,461.78,277.07,1.782,0.85,0.95,1,5,3,60449600,1335.130859,0.6209239797,0.8921068031,4.21892257
92.39,461.96,277.18,1.782,0.9,0.8,1,5,3,60449600,1419.869141,0.6202405724,0.896160659,4.238093934
92.82,464.08,278.45,1.791,0.85,1,1,5,3,60449600,1412.962402,0.611736594,0.8936439173,4.226191841
92.83,464.16,278.5,1.791,0.95,0.7,1,5,3,60449600,1443.851074,0.6114578286,0.9051157121,4.280443881
92.9,464.49,278.69,1.792,0.9,0.85,1,5,3,60449600,1372.30957,0.6101498501,0.8977407306,4.245566358
93.38,466.9,280.14,1.802,0.95,0.75,1,5,3,60449600,1779.109741,0.6007475876,0.9033218727,4.271960514
93.4,466.99,280.19,1.802,0.9,0.9,1,5,3,60449600,1397.409668,0.600399598,0.8994184068,4.25350037
93.89,469.46,281.67,1.811,0.9,0.95,1,5,3,60449600,1429.946167,0.5910065533,0.9012126907,4.261985838
93.92,469.61,281.77,1.812,0.95,0.8,1,5,3,60449600,1613.864746,0.5904155745,0.9051459928,4.280587083
94.17,282.5,282.5,1.67,0.4,0.4,1,3,3,60449600,7111.92,0.9763379821,0.8040193853,3.80234241
94.38,471.9,283.14,1.821,0.9,1,1,5,3,60449600,1479.676147,0.5818563716,0.9030966948,4.27089561
94.38,471.92,283.15,1.821,1,0.7,1,5,3,60449600,1529.242065,0.58181139,0.9160107411,4.331968299
94.46,472.29,283.37,1.822,0.95,0.85,1,5,3,60449600,1455.104004,0.5804169076,0.9071154658,4.289901051
94.96,474.82,284.89,1.832,1,0.75,1,5,3,60449600,1525.397583,0.5712175521,0.9129892434,4.31767913
94.99,474.93,284.96,1.833,0.95,0.9,1,5,3,60449600,1297.710083,0.5707603805,0.9091843777,4.299685282
95.51,477.55,286.53,1.843,0.95,0.95,1,5,3,60449600,1144.511841,0.5614457795,0.9113549287,4.309950182
95.54,477.68,286.61,1.843,1,0.8,1,5,3,60449600,1533.247192,0.5609650348,0.9152294285,4.32827334
96.03,480.13,288.08,1.853,0.95,1,1,5,3,60449600,996.991333,0.552416705,0.91363477,4.320731933
96.1,480.5,288.3,1.854,1,0.85,1,5,3,60449600,1547.32251,0.5511715886,0.9175961084,4.339465766
96.66,483.3,289.98,1.865,1,0.9,1,5,3,60449600,1573.5802,0.5416456761,0.9200060045,4.350862569
97.21,486.06,291.64,1.875,1,0.95,1,5,3,60449600,1648.899902,0.5324799488,0.9225744943,4.363009388
97.76,293.27,488.79,1.886,1,1,1,3,5,60449600,1712.861,0.5235969912,0.9279523421,4.388442131
97.76,488.79,293.27,1.886,1,1,1,5,3,60449600,1769.714,0.5235969912,0.9279592888,4.388474983
98.96,296.89,296.89,1.755,0.6,0.6,1,3,3,60449600,2882.988037,0.8411990843,0.777585381,3.677331574
102.22,102.22,919.94,1.432,0.6,1,1,1,9,60449600,101.1405258,0.7633312838,1.026768005,4.855757959
103.59,103.59,932.33,1.451,0.65,1,1,1,9,60449600,70.33544922,0.7333996802,1.026768005,4.855757959
105.06,105.06,945.57,1.471,0.7,1,1,1,9,60449600,64.38833618,0.7030442422,1.034926886,4.894342678
106.2,318.6,318.6,1.884,0.8,0.8,1,3,3,60449600,982.9130249,0.6806585915,0.7857502953,3.715944822
106.63,106.63,959.65,1.493,0.75,1,1,1,9,60449600,64.35010529,0.6724798298,1.044103275,4.937739359
108.29,108.29,974.6,1.517,0.8,1,1,1,9,60449600,64.69,0.6420095894,1.054273717,4.985837081
110.04,110.04,990.4,1.541,0.85,1,1,1,9,60449600,78.96,0.6118389268,1.065370299,5.038314679
111.15,111.15,778.03,1.533,0.6,1,1,1,7,60449600,120.2509384,0.7633705908,1.119431249,5.293977969
111.9,111.9,1007.09,1.567,0.9,1,1,1,9,60449600,79.17,0.581863068,1.077357573,5.095004504
112.64,112.64,788.51,1.554,0.65,1,1,1,7,60449600,84.83892822,0.7334231259,0.9433035896,4.461040753
113.85,113.85,1024.66,1.594,0.95,1,1,1,9,60449600,79.36,0.5524663735,1.09043013,5.156826818
114.24,114.24,799.71,1.576,0.7,1,1,1,7,60449600,65.5177002,0.7030379467,0.9504816397,4.494986955
114.55,114.55,572.74,1.539,0.4,0.4,1,1,5,60449600,3181.658,0.9763338992,0.8999509709,4.256018954
114.55,572.74,114.55,1.539,0.4,0.4,1,5,1,60449600,3244.13,0.9763338992,0.9022677284,4.266975289
115.91,115.91,1043.15,1.623,1,1,1,1,9,60449600,64.79,0.5235544566,1.104390888,5.22284958
115.91,347.72,347.72,2.056,1,1,1,3,3,60449600,675.91,0.5235601423,0.8218890146,3.886850881
115.95,115.95,811.62,1.599,0.75,1,1,1,7,60449600,65.47154999,0.6724469835,0.9586413621,4.53357565
117.75,117.75,824.26,1.624,0.8,1,1,1,7,60449600,65.45887756,0.6420441584,0.9677575699,4.576687724
119.66,119.66,837.62,1.651,0.85,1,1,1,7,60449600,80.83876801,0.6117878703,0.97769186,4.623668646
120.38,120.38,601.91,1.617,0.6,0.6,1,1,5,60449600,2127.038574,0.84121777,0.8732633197,4.129808579
120.38,601.91,120.38,1.617,0.6,0.6,1,5,1,60449600,2863.79,0.84121777,0.8738392423,4.132532214
121.68,121.68,851.74,1.679,0.9,1,1,1,7,60449600,81.03742218,0.5818344831,0.9885644643,4.675087014
123.8,123.8,866.6,1.708,0.95,1,1,1,7,60449600,81.27996826,0.5524421719,1.000403249,4.73107461
124.34,124.34,621.7,1.67,0.6,1,1,1,5,60449600,153.07,0.7633918578,0.9279592888,4.388474983
124.42,124.42,622.09,1.671,0.7,0.7,1,1,5,60449600,1493.056274,0.7619334654,0.8531699888,4.03478385
125,125,625.01,1.679,0.7,0.75,1,1,5,60449600,1234.869629,0.7513497044,0.8738085796,4.132387205
125.58,125.58,627.89,1.687,0.7,0.8,1,1,5,60449600,1003.093018,0.741008137,0.8711453443,4.119792319
126.01,126.01,630.07,1.693,0.65,1,1,1,5,60449600,109.89,0.7334103888,0.8472205801,4.0066481
126.03,126.03,882.23,1.739,1,1,1,1,7,60449600,65.20791626,0.5236190254,1.013096341,4.791102371
126.08,126.08,630.42,1.694,0.75,0.7,1,1,5,60449600,1435.447632,0.7321887537,0.8600335252,4.067242664
126.15,126.15,630.73,1.695,0.7,0.85,1,1,5,60449600,778.772644,0.731016063,0.8686781296,4.108124447
126.71,126.71,633.53,1.702,0.7,0.9,1,1,5,60449600,547.7427368,0.7213729557,0.8663329708,4.097033798
126.71,126.71,633.55,1.702,0.75,0.75,1,1,5,60449600,1187.703003,0.7213502443,0.8791146149,4.157480335
127.26,127.26,636.29,1.709,0.7,0.95,1,1,5,60449600,309.9233093,0.712053756,0.8641065289,4.086504581
127.33,127.33,636.63,1.71,0.75,0.8,1,1,5,60449600,966.6435547,0.7108904441,0.8769308573,4.147152979
127.8,127.8,639.02,1.717,0.7,1,1,1,5,60449600,77.80272675,0.7030238981,0.8620006807,4.076545672
127.86,127.86,639.32,1.718,0.8,0.7,1,1,5,60449600,1361.595825,0.7020323495,0.8677845824,4.103898713
127.93,127.93,639.67,1.719,0.75,0.85,1,1,5,60449600,750.7506714,0.7008798823,0.8748648336,4.137382407
128.53,128.53,642.65,1.727,0.8,0.75,1,1,5,60449600,1129.83252,0.6911324283,0.8853753745,4.187088516
128.53,128.53,642.66,1.727,0.75,0.9,1,1,5,60449600,528.5997925,0.6911217029,0.8728573673,4.127888763
129.12,129.12,645.62,1.735,0.75,0.95,1,1,5,60449600,300.0437012,0.6816795948,0.8710166856,4.11918387
129.19,129.19,645.93,1.735,0.8,0.8,1,1,5,60449600,923.609375,0.6806249278,0.881902099,4.170662814
129.19,645.93,129.19,1.735,0.8,0.8,1,5,1,60449600,1016.311584,0.6806249278,0.8820536898,4.171379712
129.71,129.71,648.54,1.742,0.75,1,1,1,5,60449600,67.47238159,0.6724613303,0.8693077685,4.111102115
129.76,129.76,648.79,1.743,0.85,0.7,1,1,5,60449600,1283.854614,0.6716805788,0.8763483146,4.144398037
129.83,129.83,649.17,1.744,0.8,0.85,1,1,5,60449600,718.7182007,0.6705631383,0.881902099,4.170662814
130.46,130.46,652.32,1.753,0.85,0.75,1,1,5,60449600,1062.612061,0.6608895776,0.8925722452,4.221123724
130.47,130.47,652.37,1.753,0.8,0.9,1,1,5,60449600,506.9399109,0.6607391059,0.880281195,4.162997288
131.1,131.1,655.52,1.761,0.8,0.95,1,1,5,60449600,289.1953125,0.6512643899,0.8788379614,4.156171994
131.16,131.16,655.81,1.762,0.85,0.8,1,1,5,60449600,874.3942871,0.6503788319,0.89109062,4.21411687
131.73,131.73,658.63,1.769,0.8,1,1,1,5,60449600,67.39482117,0.6420088464,0.8775006926,4.149847826
131.76,131.76,658.82,1.77,0.9,0.7,1,1,5,60449600,1043.626465,0.6415252453,0.8857472028,4.188846955
131.85,131.85,659.25,1.771,0.85,0.85,1,1,5,60449600,683.4138794,0.6402340273,0.8897989656,4.20800842
132.51,132.51,662.56,1.78,0.9,0.75,1,1,5,60449600,881.2449341,0.6307041587,0.9005503168,4.258853361
132.53,132.53,662.65,1.78,0.85,0.9,1,1,5,60449600,482.9116821,0.6304309311,0.8886126771,4.202398263
133.2,133.2,666,1.789,0.85,0.95,1,1,5,60449600,276.9440613,0.6209654303,0.8875415953,4.197332937
133.25,133.25,666.26,1.79,0.9,0.8,1,1,5,60449600,720.3286743,0.6202540626,0.8995053188,4.253911391
133.86,133.86,669.32,1.798,0.85,1,1,1,5,60449600,67.30617523,0.6118060078,0.8865760157,4.19276655
133.89,133.89,669.43,1.799,0.95,0.7,1,1,5,60449600,950.1514282,0.6114253618,0.8960608069,4.237621717
133.98,133.98,669.91,1.8,0.9,0.85,1,1,5,60449600,559.2125854,0.6101688351,0.8985873046,4.249569948
134.42,134.42,672.12,1.806,1,0.6,1,1,5,60449600,1392.553101,0.604186787,0.9202290912,4.351917583
134.68,134.68,673.39,1.809,0.95,0.75,1,1,5,60449600,805.7312622,0.6007258911,0.9095026613,4.301190499
134.7,134.7,673.51,1.809,0.9,0.9,1,1,5,60449600,395.0597534,0.6004431647,0.8977740249,4.245723812
135.28,135.28,676.4,1.817,1,0.65,1,1,5,60449600,1208.111084,0.5927599735,0.9196814254,4.34932758
135.41,135.41,677.07,1.819,0.9,0.95,1,1,5,60449600,230.0626373,0.5910345585,0.8970631284,4.242361863
135.46,135.46,677.3,1.82,0.95,0.8,1,1,5,60449600,659.6821289,0.5903946085,0.9088314169,4.298016072
135.81,135.81,407.44,1.719,0.4,0.4,1,1,3,60449600,3597.05,0.9763887473,0.785336689,3.713988808
135.81,407.44,135.81,1.719,0.4,0.4,1,3,1,60449600,3648.52,0.9763887473,0.7869811974,3.721765964
136.12,136.12,680.59,1.828,0.9,1,1,1,5,60449600,84.48928833,0.5818648922,0.8964699129,4.239556448
136.13,136.13,680.63,1.829,1,0.7,1,1,5,60449600,1028.342773,0.5817371562,0.9071901174,4.290254091
136.23,136.23,681.16,1.83,0.95,0.85,1,1,5,60449600,513.8556519,0.5804346913,0.9082741954,4.295380878
136.96,136.96,684.81,1.84,1,0.75,1,1,5,60449600,857.1529541,0.5712011693,0.9192995636,4.347521692
136.99,136.99,684.97,1.84,0.95,0.9,1,1,5,60449600,364.5333252,0.5708213223,0.90782147,4.293239863
137.62,137.62,412.85,1.742,0.4,0.6,1,1,3,60449600,2218.527832,0.9384125044,0.7617088617,3.602248854
137.75,137.75,688.74,1.85,0.95,0.95,1,1,5,60449600,214.5918427,0.5614515984,0.9074710588,4.29158271
137.79,137.79,688.93,1.851,1,0.8,1,1,5,60449600,701.0109253,0.5609668017,0.9189895746,4.346055702
138.49,138.49,692.47,1.86,0.95,1,1,1,5,60449600,84.9021225,0.5524750632,0.9072980773,4.290764651
138.6,138.6,693.01,1.862,1,0.85,1,1,5,60449600,554.3128052,0.5511641183,0.9188415261,4.345355556
139.28,139.28,417.85,1.763,0.4,0.8,1,1,3,60449600,1053.072632,0.9052143627,0.7419775146,3.508936006
139.34,232.24,232.24,1.87,0.4,0.4,3,5,5,60449600,3398.015625,0.9763332086,0.7035389399,3.327153545
139.41,139.41,697.04,1.873,1,0.9,1,1,5,60449600,398.4050903,0.5416272543,0.9187496421,4.344921021
140.14,140.14,420.42,1.774,0.6,0.4,1,1,3,60449600,2887.665771,0.8886707888,0.773866624,3.659744949
140.2,140.2,701.02,1.883,1,0.95,1,1,5,60449600,235.7690582,0.5325051481,0.9188199484,4.345253511
140.84,140.84,422.51,1.783,0.4,1,1,1,3,60449600,681.79,0.8755046215,0.7245626394,3.426578143
140.99,140.99,704.96,1.894,1,1,1,1,5,60449600,66.67876434,0.5236083036,0.9192372863,4.347227172
140.99,704.96,140.99,1.894,1,1,1,5,1,60449600,70.536,0.5236083036,0.9192794523,4.347426582
142.73,142.73,428.19,1.807,0.6,0.6,1,1,3,60449600,1639.167725,0.8411625836,0.7576356703,3.582986049
142.73,428.19,142.73,1.807,0.6,0.6,1,3,1,60449600,1676.16,0.8411625836,0.758051173,3.58495103
143.35,143.35,430.05,1.815,0.6,0.65,1,1,3,60449600,1424.878418,0.8302934254,0.7576356703,3.582986049
143.96,143.96,431.87,1.822,0.6,0.7,1,1,3,60449600,1226.915161,0.8198119135,0.7542145973,3.566807221
144.35,144.35,433.04,1.827,0.65,0.6,1,1,3,60449600,1506.870483,0.8131841459,0.7334136141,3.468435886
144.56,144.56,433.67,1.83,0.6,0.75,1,1,3,60449600,1030.367554,0.8096409458,0.7509193612,3.551223497
145.01,145.01,435.04,1.836,0.65,0.65,1,1,3,60449600,1319.275269,0.802086146,0.7590488982,3.58966944
145.15,145.15,435.44,1.837,0.6,0.8,1,1,3,60449600,836.8668823,0.7998139185,0.744683389,3.52173254
145.67,145.67,437.01,1.844,0.65,0.7,1,1,3,60449600,1135.522827,0.7912557959,0.7559743795,3.575129526
145.73,145.73,437.19,1.845,0.6,0.85,1,1,3,60449600,646.0342407,0.7902758616,0.744683389,3.52173254
146.09,146.09,438.28,1.849,0.7,0.6,1,1,3,60449600,1380.996338,0.7844370574,0.7377604904,3.488992992
146.3,146.3,438.9,1.852,0.6,0.9,1,1,3,60449600,454.4163513,0.7810774782,0.7417186408,3.507711749
146.32,146.32,438.95,1.852,0.65,0.75,1,1,3,60449600,954.4154663,0.7807780621,0.7530879534,3.561479134
146.44,244.06,244.06,1.965,0.6,0.6,3,5,5,60449600,1304.77,0.8411945112,0.6738552171,3.186774246
146.61,146.61,439.84,1.856,0.8,0.4,1,1,3,60449600,1802.233887,0.7761147951,0.7785219035,3.681760546
146.81,146.81,440.43,1.858,0.7,0.65,1,1,3,60449600,1210.183716,0.7729711593,0.7612850116,3.600244395
146.87,146.87,440.6,1.859,0.6,0.95,1,1,3,60449600,262.9981995,0.7720387434,0.7388273899,3.494038539
146.95,146.95,440.86,1.86,0.65,0.8,1,1,3,60449600,775.7555542,0.7707438522,0.7503118124,3.548350297
147.42,147.42,442.26,1.866,0.6,1,1,1,3,60449600,226.95,0.7634121768,0.7334136141,3.468435886
147.51,147.51,442.54,1.867,0.7,0.7,1,1,3,60449600,1042.21814,0.7620002034,0.7586569602,3.5878159
147.58,147.58,442.74,1.868,0.65,0.85,1,1,3,60449600,599.7954712,0.7609321902,0.7475811992,3.53543677
147.97,147.97,443.92,1.873,0.75,0.6,1,1,3,60449600,1250.739746,0.7549136546,0.7428827547,3.513217039
148.2,148.2,444.59,1.876,0.65,0.9,1,1,3,60449600,422.986145,0.7514369755,0.7449870709,3.523168703
148.21,148.21,444.62,1.876,0.7,0.75,1,1,3,60449600,876.9040527,0.7512863625,0.7560991056,3.575719377
148.74,148.74,446.21,1.883,0.75,0.65,1,1,3,60449600,1097.561279,0.74328043,0.7644418458,3.615173593
148.81,148.81,446.42,1.884,0.65,0.95,1,1,3,60449600,246.6893768,0.7422306918,0.7424784362,3.511304949
148.89,148.89,446.67,1.885,0.7,0.8,1,1,3,60449600,713.793396,0.7410185299,0.7536986319,3.564367134
149.41,149.41,448.22,1.891,0.65,1,1,1,3,60449600,167.1245117,0.7333312985,0.7400724076,3.499926436
149.49,149.49,448.47,1.892,0.75,0.7,1,1,3,60449600,947.6694336,0.7321384711,0.7621793727,3.604473979
149.56,149.56,448.69,1.893,0.7,0.85,1,1,3,60449600,553.4389648,0.7310934308,0.7513415766,3.553220225
149.99,149.99,449.96,1.899,0.8,0.6,1,1,3,60449600,1117.893311,0.7248495305,0.7685002024,3.634366242
150.23,150.23,450.68,1.902,0.7,0.9,1,1,3,60449600,391.7208252,0.7213815284,0.7490699472,3.542477309
150.23,150.23,450.69,1.902,0.75,0.75,1,1,3,60449600,799.1314087,0.7213655896,0.7599999285,3.594167022
150.8,150.8,452.4,1.909,0.8,0.65,1,1,3,60449600,984.717041,0.7132188907,0.7685002024,3.634366242
150.88,150.88,452.65,1.91,0.7,0.95,1,1,3,60449600,230.7058868,0.7120694708,0.7469301669,3.532357929
150.96,150.96,452.88,1.911,0.75,0.8,1,1,3,60449600,652.6397095,0.7109537834,0.7579118632,3.584292211
151.53,151.53,454.58,1.918,0.7,1,1,1,3,60449600,121.4305801,0.7029785938,0.7448434772,3.522489624
151.6,151.6,454.8,1.919,0.8,0.7,1,1,3,60449600,853.0565186,0.7019886652,0.7665542068,3.625163302
151.68,151.68,455.05,1.92,0.75,0.85,1,1,3,60449600,507.7269287,0.7008633068,0.755914439,3.574846057
152.13,152.13,456.4,1.926,0.85,0.6,1,1,3,60449600,984.7830811,0.6946590771,0.7555512052,3.573128264
152.39,152.39,457.17,1.929,0.8,0.75,1,1,3,60449600,722.4871216,0.6911276957,0.7647242928,3.616509332
152.39,152.39,457.18,1.929,0.75,0.9,1,1,3,60449600,361.401123,0.691112642,0.7540147883,3.565862291
152.99,152.99,458.98,1.937,0.85,0.65,1,1,3,60449600,871.7930908,0.6830091084,0.7733438217,3.657272529
153.09,153.09,459.28,1.938,0.75,0.95,1,1,3,60449600,215.1871796,0.6816742793,0.7521828863,3.557198919
153.17,153.17,459.5,1.939,0.8,0.8,1,1,3,60449600,592.4876709,0.6806363685,0.7613469539,3.600537331
153.17,459.5,153.17,1.939,0.8,0.8,1,3,1,60449600,606.122,0.6806363685,0.761458004,3.601062505
153.78,153.78,461.35,1.947,0.75,1,1,1,3,60449600,86.95101929,0.6725369066,0.7504363766,3.548939382
153.84,153.84,461.53,1.948,0.85,0.7,1,1,3,60449600,759.1800537,0.6717478985,0.77173548,3.649666412
153.94,153.94,461.81,1.949,0.8,0.85,1,1,3,60449600,463.1496277,0.6704712367,0.7613469539,3.600537331
154.41,154.41,463.24,1.955,0.9,0.6,1,1,3,60449600,851.5791626,0.6643383261,0.7630702211,3.60868695
154.68,154.68,464.05,1.958,0.85,0.75,1,1,3,60449600,646.9306641,0.660869659,0.7702563168,3.642671201
154.69,154.69,464.08,1.958,0.8,0.9,1,1,3,60449600,332.0745239,0.6607427489,0.7597915403,3.593181519
155.18,155.18,465.54,1.964,1,0.4,1,1,3,60449600,1080.288696,0.6545193736,0.7974501092,3.771275202
155.32,155.32,465.97,1.966,0.9,0.65,1,1,3,60449600,760.0773315,0.6527349248,0.7790542298,3.684278006
155.44,155.44,466.32,1.968,0.8,0.95,1,1,3,60449600,200.3179932,0.6512336211,0.7582554166,3.585916933
155.51,155.51,466.53,1.969,0.85,0.8,1,1,3,60449600,533.6345825,0.6503534966,0.7688795989,3.636160471
156.18,156.18,468.54,1.977,0.8,1,1,1,3,60449600,71.2780838,0.6420240371,0.7555512052,3.573128264
156.22,156.22,468.67,1.978,0.9,0.7,1,1,3,60449600,666.9745483,0.6415126868,0.7777845413,3.678273436
156.33,156.33,468.98,1.979,0.85,0.85,1,1,3,60449600,420.1524048,0.6401903636,0.7675757131,3.629994177
156.83,156.83,470.48,1.985,0.95,0.6,1,1,3,60449600,685.8859863,0.6340897967,0.7714317415,3.648229981
157.11,157.11,471.33,1.989,0.9,0.75,1,1,3,60449600,572.7352295,0.6306880558,0.7766427696,3.672873807
157.13,157.13,471.39,1.989,0.85,0.9,1,1,3,60449600,303.8108826,0.6304496022,0.7663521976,3.624207967
157.15,261.91,261.91,2.109,0.8,0.8,3,5,5,60449600,422.2973022,0.6806582244,0.6734073486,3.1846562
157.79,157.79,473.37,1.997,0.95,0.65,1,1,3,60449600,606.7897949,0.6225747873,0.7856142277,3.715301335
157.93,157.93,473.78,1.999,0.85,0.95,1,1,3,60449600,186.2565918,0.6209315566,0.7651472647,3.618509637
157.99,157.99,473.96,2,0.9,0.8,1,1,3,60449600,476.4250183,0.6202222066,0.7755878431,3.667884882
158.71,158.71,476.14,2.009,0.85,1,1,1,3,60449600,70.85572815,0.6117947552,0.7640867704,3.613494382
158.74,158.74,476.22,2.01,0.95,0.7,1,1,3,60449600,528.4180298,0.611455231,0.7846846106,3.71090502
158.85,158.85,476.56,2.011,0.9,0.85,1,1,3,60449600,378.3877563,0.610176585,0.7746190553,3.663303323
159.38,159.38,478.13,2.018,1,0.6,1,1,3,60449600,612.17,0.6041322538,0.7929739983,3.750106924
159.68,159.68,479.04,2.021,0.95,0.75,1,1,3,60449600,450.7648926,0.6007280116,0.7838674816,3.70704068
159.71,159.71,479.12,2.022,0.9,0.9,1,1,3,60449600,276.6261902,0.600396651,0.7736827778,3.658875509
160.39,160.39,481.18,2.03,1,0.65,1,1,3,60449600,541.1870117,0.5927731431,0.7929739983,3.750106924
160.55,160.55,481.66,2.032,0.9,0.95,1,1,3,60449600,172.7983398,0.5910029063,0.7728580938,3.65497544
160.61,160.61,481.82,2.033,0.95,0.8,1,1,3,60449600,372.699585,0.5903631666,0.783150649,3.703650658
161.39,161.39,484.16,2.043,0.9,1,1,1,3,60449600,70.26383972,0.5818436577,0.772083873,3.65131402
161.4,161.4,484.19,2.043,1,0.7,1,1,3,60449600,487.3496399,0.5817365669,0.7923720905,3.747260401
161.52,161.52,484.56,2.045,0.95,0.85,1,1,3,60449600,294.8729248,0.5804250151,0.7825047309,3.700596004
162.39,162.39,487.16,2.056,1,0.75,1,1,3,60449600,428.918396,0.571157868,0.7919292403,3.745166088
162.43,162.43,487.28,2.056,0.95,0.9,1,1,3,60449600,216.388916,0.5707401143,0.7818767237,3.697626052
163.32,163.32,489.96,2.067,0.95,0.95,1,1,3,60449600,140.4755707,0.5614508842,0.7813877579,3.695313651
163.36,163.36,490.09,2.068,1,0.8,1,1,3,60449600,365.96,0.5610232466,0.7911430082,3.741447865
164.2,164.2,492.61,2.079,0.95,1,1,1,3,60449600,90.81336212,0.5524543316,0.7809209647,3.693106108
164.33,164.33,492.99,2.08,1,0.85,1,1,3,60449600,298.4595032,0.551160383,0.7911430082,3.741447865
165.21,165.21,275.35,1.876,0.4,0.4,3,3,5,60449600,2547.8,0.9763136499,0.7029880128,3.324548118
165.21,275.35,165.21,1.876,0.4,0.4,3,5,3,60449600,2643.135986,0.9763136499,0.7038152483,3.328460254
165.29,165.29,495.86,2.092,1,0.9,1,1,3,60449600,225.1266937,0.5416246954,0.7908867959,3.740236194
166.23,166.23,498.69,2.104,1,0.95,1,1,3,60449600,147.1804352,0.5324767392,0.7907083048,3.739392079
167.16,167.16,501.49,2.116,1,1,1,1,3,60449600,68.36826324,0.5236266871,0.7904864818,3.738343041
167.16,501.49,167.16,2.116,1,1,1,3,1,60449600,69.4113,0.5236266871,0.7905177898,3.738491102
171.51,285.85,285.85,2.302,1,1,3,5,5,60449600,294.7391968,0.52357682,0.6961275954,3.292104055
173.62,173.62,289.37,1.971,0.6,0.6,3,3,5,60449600,1002.78,0.8411962608,0.6737026076,3.18605253
173.62,289.37,173.62,1.971,0.6,0.6,3,5,3,60449600,1005.63,0.8411962608,0.6739162603,3.187062929
186.32,186.32,310.53,2.116,0.8,0.8,3,3,5,60449600,320.584,0.6806483786,0.6729010539,3.182261848
186.32,310.53,186.32,2.116,0.8,0.8,3,5,3,60449600,464.0230408,0.6806483786,0.6729594069,3.182537809
195.87,195.87,195.87,1.927,0.4,0.4,1,1,1,60449600,1994.6875,0.9764372602,0.6757661372,3.195811307
198.48,198.48,198.48,1.953,0.4,0.6,1,1,1,60449600,1867.73584,0.9384167778,0.6548965743,3.097115647
200.88,200.88,200.88,1.976,0.4,0.8,1,1,1,60449600,1744.737793,0.9051902586,0.6353828879,3.004832154
202.12,202.12,202.12,1.988,0.6,0.4,1,1,1,60449600,1137.062622,0.8886348944,0.6603336379,3.122828432
203.12,203.12,203.12,1.998,0.4,1,1,1,1,60449600,1611.882568,0.8755725239,0.616337361,2.914762665
203.35,203.35,338.91,2.309,1,1,3,3,5,60449600,66.97772217,0.5235700544,0.6948913635,3.286257707
203.35,338.91,203.35,2.309,1,1,3,5,3,60449600,66.55012,0.5235700544,0.6949081509,3.286337097
205.85,205.85,205.85,2.025,0.6,0.6,1,1,1,60449600,726.5847168,0.8411949519,0.6459301415,3.054711883
206.74,206.74,206.74,2.034,0.6,0.65,1,1,1,60449600,715.5655518,0.8303748902,0.6459301415,3.054711883
207.62,207.62,207.62,2.043,0.6,0.7,1,1,1,60449600,704.0465088,0.8198569025,0.6425036272,3.038507323
208.18,208.18,208.18,2.048,0.65,0.6,1,1,1,60449600,626.677063,0.8132644124,0.6183793652,2.924419646
208.49,208.49,208.49,2.051,0.6,0.75,1,1,1,60449600,692.6040649,0.8096426923,0.6390996727,3.022409452
209.14,209.14,209.14,2.058,0.65,0.65,1,1,1,60449600,549.0441284,0.8021102033,0.646178399,3.055885935
209.34,209.34,209.34,2.06,0.6,0.8,1,1,1,60449600,683.0874023,0.7998130677,0.632248667,2.990009898
210.09,210.09,210.09,2.067,0.65,0.7,1,1,1,60449600,540.7340698,0.7912821111,0.6430896973,3.041278947
210.18,210.18,210.18,2.068,0.6,0.85,1,1,1,60449600,668.352478,0.7902647757,0.632248667,2.990009898
210.7,210.7,210.7,2.073,0.7,0.6,1,1,1,60449600,533.7122803,0.7844294562,0.6210144001,2.936881167
211,211,211,2.076,0.6,0.9,1,1,1,60449600,655.9562988,0.7810877711,0.6287949478,2.973676681
211.02,211.02,211.02,2.076,0.65,0.75,1,1,1,60449600,532.1165161,0.7808678662,0.6400174388,3.026749722
211.45,211.45,211.45,2.08,0.8,0.4,1,1,1,60449600,505.3387146,0.7761161922,0.6615311007,3.128491434
211.73,211.73,211.73,2.083,0.7,0.65,1,1,1,60449600,470.5311279,0.7730384987,0.64735548,3.061452548
211.82,211.82,211.82,2.084,0.6,0.95,1,1,1,60449600,643.8282471,0.7720523098,0.6252905249,2.957103678
211.94,211.94,211.94,2.085,0.65,0.8,1,1,1,60449600,523.1643677,0.7707436002,0.6368903544,3.011961215
212.62,212.62,212.62,2.092,0.6,1,1,1,1,60449600,633.7081299,0.7633689525,0.6183793652,2.924419646
212.75,212.75,212.75,2.093,0.7,0.7,1,1,1,60449600,410.2813416,0.7619734167,0.6445880358,3.048364841
212.85,212.85,212.85,2.094,0.65,0.85,1,1,1,60449600,513.9408569,0.7608997906,0.6337579503,2.997147551
213.42,213.42,213.42,2.1,0.75,0.6,1,1,1,60449600,445.8314209,0.7548153255,0.6245067942,2.953397284
213.74,213.74,213.74,2.103,0.65,0.9,1,1,1,60449600,504.5295715,0.7514317454,0.6306197562,2.982306506
213.75,213.75,213.75,2.103,0.7,0.75,1,1,1,60449600,403.8993225,0.7513273137,0.6418311644,3.035327134
214.52,214.52,214.52,2.11,0.75,0.65,1,1,1,60449600,397.2717896,0.743271782,0.6495032789,3.071609849
214.62,214.62,214.62,2.111,0.65,0.95,1,1,1,60449600,495.5052795,0.7422331377,0.627425957,2.967202494
214.74,214.74,214.74,2.113,0.7,0.8,1,1,1,60449600,397.2497253,0.7409811166,0.6390142707,3.022005572
215.48,215.48,215.48,2.12,0.65,1,1,1,1,60449600,486.040863,0.7333761317,0.6242386534,2.952129201
215.6,215.6,215.6,2.121,0.75,0.7,1,1,1,60449600,348.9160767,0.732154074,0.6470410002,3.059965321
215.71,215.71,215.71,2.122,0.7,0.85,1,1,1,60449600,390.6083374,0.7310353996,0.6361865244,3.008632685
216.32,216.32,216.32,2.128,0.8,0.6,1,1,1,60449600,363.6409912,0.7248684974,0.6524982709,3.085773668
216.67,216.67,216.67,2.132,0.7,0.9,1,1,1,60449600,383.6036377,0.7213558899,0.6332937218,2.994952137
216.67,216.67,216.67,2.132,0.75,0.75,1,1,1,60449600,302.5652466,0.7213558899,0.6445287143,3.0480843
217.49,217.49,217.49,2.14,0.8,0.65,1,1,1,60449600,327.4257202,0.7132281237,0.6524982709,3.085773668
217.61,217.61,217.61,2.141,0.7,0.95,1,1,1,60449600,376.7073059,0.7120506124,0.6303949933,2.981243564
217.72,217.72,217.72,2.142,0.75,0.8,1,1,1,60449600,297.9118347,0.7109726946,0.6420067421,3.03615747
218.54,218.54,218.54,2.15,0.7,1,1,1,1,60449600,369.6624146,0.7030002516,0.6274448165,2.967291684
218.64,218.64,218.64,2.151,0.8,0.7,1,1,1,60449600,291.2985535,0.7020359385,0.6503269265,3.075505017
218.76,218.76,218.76,2.152,0.75,0.85,1,1,1,60449600,293.063385,0.700882993,0.6394145833,3.023898717
219.41,219.41,219.41,2.159,0.85,0.6,1,1,1,60449600,286.777832,0.6946666534,0.6339780749,2.998188558
219.78,219.78,219.78,2.162,0.8,0.75,1,1,1,60449600,255.0834656,0.6911701258,0.6481004769,3.064975763
219.79,219.79,219.79,2.162,0.75,0.9,1,1,1,60449600,288.0496826,0.6910767085,0.6368070426,3.01156722
220.66,220.66,220.66,2.171,0.85,0.65,1,1,1,60449600,261.6332703,0.6829306694,0.6563882434,3.10417
220.8,220.8,220.8,2.172,0.75,0.95,1,1,1,60449600,282.8683777,0.6816359013,0.6341885703,2.999184026
220.91,220.91,220.91,2.173,0.8,0.8,1,1,1,60449600,220.2859955,0.6806189173,0.6435959653,3.043673173
221.8,221.8,221.8,2.182,0.75,1,1,1,1,60449600,277.558197,0.6724563355,0.6315142512,2.986536722
221.88,221.88,221.88,2.183,0.85,0.7,1,1,1,60449600,236.0613708,0.6717273092,0.6545484757,3.09546943
222.01,222.01,222.01,2.184,0.8,0.85,1,1,1,60449600,216.8273621,0.6705504954,0.6435959653,3.043673173
222.7,222.7,222.7,2.191,0.9,0.6,1,1,1,60449600,215.4091949,0.6643351288,0.6399465097,3.026414286
223.09,223.09,223.09,2.195,0.85,0.75,1,1,1,60449600,209.9691162,0.6608556622,0.6525935541,3.086224278
223.11,223.11,223.11,2.195,0.8,0.9,1,1,1,60449600,213.1936798,0.6606796883,0.6412053598,3.032367599
223.81,223.81,223.81,2.202,1,0.4,1,1,1,60449600,129.1,0.6544989425,0.6779793656,3.206278035
224.02,224.02,224.02,2.204,0.9,0.65,1,1,1,60449600,199.6081848,0.6526606258,0.661222069,3.127029971
224.18,224.18,224.18,2.206,0.8,0.95,1,1,1,60449600,209.4002075,0.6512605121,0.6388525497,3.021240766
224.28,224.28,224.28,2.207,0.85,0.8,1,1,1,60449600,183.668335,0.6503896279,0.6506182484,3.076882727
225.25,225.25,225.25,2.216,0.8,1,1,1,1,60449600,205.942688,0.6420280057,0.6339780749,2.998188558
225.31,225.31,225.31,2.217,0.9,0.7,1,1,1,60449600,183.2479095,0.6415117609,0.6596453276,3.119573297
225.46,225.46,225.46,2.218,0.85,0.85,1,1,1,60449600,157.916748,0.640236222,0.6485631189,3.067163675
226.18,226.18,226.18,2.225,0.95,0.6,1,1,1,60449600,149.0422211,0.6341421549,0.6468021068,3.058835554
226.59,226.59,226.59,2.229,0.9,0.75,1,1,1,60449600,166.2087097,0.630706337,0.6579487946,3.111550108
226.62,226.62,226.62,2.23,0.85,0.9,1,1,1,60449600,155.3289948,0.6304500655,0.6464825583,3.057324355
227.57,227.57,227.57,2.239,0.95,0.65,1,1,1,60449600,141.302597,0.6225902936,0.6669415336,3.154078278
227.77,227.77,227.77,2.241,0.85,0.95,1,1,1,60449600,152.6695404,0.6209514221,0.644329082,3.047140205
227.86,227.86,227.86,2.242,0.9,0.8,1,1,1,60449600,148.5207825,0.6202149978,0.6562266245,3.103405677
228.9,228.9,228.9,2.252,0.85,1,1,1,1,60449600,149.9778748,0.6118014164,0.6421640794,3.036901545
228.94,228.94,228.94,2.252,0.95,0.7,1,1,1,60449600,133.0091553,0.6114839164,0.6656153665,3.147806611
229.11,229.11,229.11,2.254,0.9,0.85,1,1,1,60449600,130.3281555,0.6101211668,0.6544727728,3.095111419
229.86,229.86,229.86,2.261,1,0.6,1,1,1,60449600,92.83,0.6041713761,0.6736008649,3.185571371
230.3,230.3,230.3,2.266,0.95,0.75,1,1,1,60449600,123.8086166,0.6007098794,0.6642181967,3.141199161
230.34,230.34,230.34,2.266,0.9,0.9,1,1,1,60449600,111.498024,0.6004000301,0.6526352078,3.086421265
231.33,231.33,231.33,2.276,1,0.65,1,1,1,60449600,89.90702057,0.5927225703,0.6736008649,3.185571371
231.56,231.56,231.56,2.278,0.9,0.95,1,1,1,60449600,109.6284714,0.590960129,0.6507203165,3.077365424
231.63,231.63,231.63,2.279,0.95,0.8,1,1,1,60449600,113.9725189,0.5904221578,0.6627893045,3.134441691
232.24,232.24,139.34,1.87,0.4,0.4,5,5,3,60449600,3418.529053,0.9763332086,0.7024091017,3.321810351
232.76,232.76,232.76,2.29,0.9,1,1,1,1,60449600,107.953537,0.581865594,0.6487894453,3.06823401
232.77,232.77,232.77,2.29,1,0.7,1,1,1,60449600,86.47361755,0.5817913354,0.6725666579,3.180680433
232.95,232.95,232.95,2.292,0.95,0.85,1,1,1,60449600,103.0587769,0.5804420339,0.6612174877,3.127008305
234.2,234.2,234.2,2.304,1,0.75,1,1,1,60449600,83.69177246,0.5711997035,0.6714023305,3.175174134
234.26,234.26,234.26,2.305,0.95,0.9,1,1,1,60449600,91.14707947,0.5707579535,0.6596103953,3.119408096
235.55,235.55,235.55,2.317,0.95,0.95,1,1,1,60449600,77.96806335,0.5614367782,0.6579733844,3.111666397
235.61,235.61,235.61,2.318,1,0.8,1,1,1,60449600,80.39,0.5610050653,0.668904551,3.163361716
236.82,236.82,236.82,2.33,0.95,1,1,1,1,60449600,76.26200104,0.5524491234,0.6562637284,3.103581147
237.01,237.01,237.01,2.332,1,0.85,1,1,1,60449600,75.87016296,0.5511206667,0.668904551,3.163361716
238.27,397.12,79.42,1.532,0.4,0.4,3,5,1,60449600,9753.28,0.9764030187,0.8889162336,4.203833832
238.38,238.38,238.38,2.345,1,0.9,1,1,1,60449600,70.31237793,0.54167633,0.667567054,3.157036468
239.75,239.75,239.75,2.359,1,0.95,1,1,1,60449600,63.00008774,0.5324399607,0.6660908914,3.150055448
241.09,241.09,241.09,2.372,1,1,1,1,1,60449600,54.26379776,0.5236123585,0.6630755082,3.135795196
244.06,244.06,146.44,1.965,0.6,0.6,5,5,3,60449600,1311.7,0.8411945112,0.6735566641,3.185362339
250.41,417.34,83.47,1.61,0.6,0.6,3,5,1,60449600,4456.2,0.8411602884,0.8669325607,4.099869359
261.91,261.91,157.15,2.109,0.8,0.8,5,5,3,60449600,424.2346802,0.6806582244,0.6733275469,3.184278805
268.72,447.86,89.57,1.728,0.8,0.8,3,5,1,60449600,1695.746094,0.6806811055,0.8818889139,4.17060046
282.5,282.5,94.17,1.67,0.4,0.4,3,3,1,60449600,7149.88,0.9763379821,0.8012705802,3.78934285
285.85,285.85,171.51,2.302,1,1,5,5,3,60449600,108.8723145,0.52357682,0.6961062923,3.292003309
293.27,488.79,97.76,1.886,1,1,3,5,1,60449600,1715.187378,0.5235969912,0.9278993333,4.388191443
296.89,296.89,98.96,1.755,0.6,0.6,3,3,1,60449600,2901.32,0.8411990843,0.776861126,3.673906451
318.6,318.6,106.2,1.884,0.8,0.8,3,3,1,60449600,988.3245239,0.6806585915,0.7855576389,3.715033717
334.94,334.94,66.99,1.417,0.4,0.4,5,5,1,60449600,15065.08984,0.9763419707,0.9621023961,4.549943459
347.72,347.72,115.91,2.056,1,1,3,3,1,60449600,676.5844727,0.5235601423,0.8218379457,3.886609368
352,352,70.4,1.489,0.6,0.6,5,5,1,60449600,6350.05,0.841180496,0.9451066897,4.469567916
377.74,377.74,75.55,1.598,0.8,0.8,5,5,1,60449600,2232.407227,0.6806534849,0.9685426633,4.580400562
412.26,412.26,82.45,1.744,1,1,5,5,1,60449600,2759.616699,0.5236163838,1.026824711,4.856026132
